sample_rank,video_id,selection_hash
1,L26_V065,008c5d694dbe0341b48757e82fa7421b635ff39f3c1078b002cc23e1f8358fd8
2,L26_V149,009454a69662b6332c0e9e44e87c7c76e797a80933c50b6f3134e16cd11e406f
3,L26_V223,010411a716546a5351e94a2a8b0592068f77145d538571873b1b8f94a1e11a47
4,L25_V051,01192af987bbffb27668d1ad662d7874ce0dfa93db2f4a1ea7eb1c0016ece40b
5,L24_V038,012b4135b080e5139ccfc1b7720977b08280656c1258e9ff969b6292a7a35e7c
6,L26_V290,01340706fc4a2a23208be8655fe3e38a7806d7e1d2069777a6c3f96490c68bd3
7,L28_V003,015a12801823b541bc725ec53e84bad4456a59f8f6a1fcc54a782149d82c6a7a
8,L23_V013,016b7002e84db2d10cf4258ad17ac8eb37f7444c7531a4c67c39e535e25fbaed
9,L30_V041,01ce4a46886bf4022b478a7ba42e82cb00ff2e4eb768ecd984e4395258604c50
10,L26_V126,02fbcb8c93a976d7164c2aac412d6e4f0f59e031a9a533f9cc14b1dd9a5e77d9
11,L25_V056,0311b288ba38d127e5843d39881859fd776938e04f5945ee249c30a31f0c9a08
12,L25_V024,032ffa8c21d67a42f300369b232a5be3e50df0f06844f23a9b7ccbbefaf9b0f4
13,L26_V071,03307dec5113b116161bd2c5d738987f8c8b27371372b96f432d70974ca0c6a3
14,L26_V293,035b75156a39511279a7782e9b2a10244be40c7043d1f4e3dfd1ac3f06c771d4
15,L28_V012,03c5bde3387d6e6ee50dd8cba8f69ae1fc8ae6e47adb5266e87b3107adba671a
16,L23_V023,04191869b4b9efd9bd64e2680d8e2fdc8e18a9262632a174f7318e40c964ac90
17,L30_V052,041ae2852c1d6dc3e739f2378ce2a00c2fec6b7fb9ee828d1a5251862e99ea61
18,L26_V153,046b2ea8ace36087494c7cf2fac4ba0e23b5be6c11f1c3d376bd87f770805d43
19,L27_V013,0490e491bbe0faf0071006ffc194b7bbbdfed7505f278cff8015d01ba459f9ba
20,L26_V002,0495c9a2996f563d6063b4947f1e32c2f2ed54bc3674783c1f7f94cd1e277d40
21,L26_V229,049a1e56f10e6ee6be6b3bc367d2a6a8185816a4311f4e3155c723b0a6806e7c
22,L25_V045,049f5ab7620cc2ade63b2722d7852cee5a48e10e29659bd76f6b857695abf06b
23,L26_V261,04ae5d8810e7096b29fa4ccce4bfa9bac9534fa4391efa45aca5ec7a08c39a98
24,L25_V015,04cc87caff21e782af3fa43eeed59ed7df1841284ba147f45e3c593aec9b79ca
25,L25_V085,0504bc2e758e7f0576e067a18320497bffdc07e7a8030c4cc3dd9fb7d237a7f0
26,L26_V279,05799eb74d59a780f03480ebbd92af42a26475cb0d5009e7f21b8c48d809f43b
27,L26_V432,05a123753468fb1fdcb47ce1c3c3178faf836ea9352b8fe1906083f535194f87
28,L21_V013,05cd5cb2ef6fb36d75f5b50134227320985c58e21004662346625715de873366
29,L26_V260,05f9c61ad4757e57ebb102e968d1c856dcb902c323f31ce42fd72c9855e24e69
30,L26_V268,05f9dacb47889f4e82e58b0a0f3a2b464ae00fab665ad762ac4e042d1d83f8ac
31,L25_V053,0600ce91518c885eb2454fca10f561b2912ca927003beb3ab22118eaee44370a
32,L26_V209,06120cd8428c681d083b0df1b3637dfa64c3e56f990a8d239ed350afcfebfdbd
33,L26_V164,06512b3c900663e4676bbf8a30cf6a9af076ee2dce7f99446f38dda34ef2a67b
34,L24_V011,06a0df28df4bb5383eee5aa9b25c4bee05fcc096b290773a5d8724e599c8b591
35,L26_V220,06fcdad7ddabcd441b94ef6e4d02c39ffdb570906cfcd9b32a37f856954d51da
36,L30_V036,0721f60a24c57a689a5d3261a10b33266ba45f3cd7044af562ccd44d22c7555a
37,L26_V473,077e31f2225167c789f3a6825478abb5bbdf6ed9d8b8d3b044d9ce2f46eda479
38,L26_V123,078eaeb92fc5984e4333567e1500ace5f3af433acadc1fbbda3fa286ec5b1944
39,L30_V035,07c1479c67bfafd5d59ec2819c4b9278db464688ab1f05cf3e19ededaa0a251e
40,L26_V464,07dae3b0062d625985b371e652d7c6ac2783b7c49da2d4f703f9b981efb362b7
41,L26_V270,0808d1d5d968338674217140b2a1b32fc97a216458fd9c9f942d3bbe4cbed51d
42,L26_V476,087234a4ae366e3f3e9d7330c19ed3a8c4c2818ed9f6da2ded8a46181ca2bf98
43,L26_V478,08b8a191148965219206f1ce7c836aca9d4f343e21f30d99ad465ac84fa9c77b
44,L26_V233,08fa1a6c6d7fcf1100d2149a3735c51e34bfab6d5a6e5b0e6938e3c7b9c7b013
45,L26_V076,08fcaf882e9f05b7b3edafff271a6e163b0ea19078e08142ebe6b17c05528832
46,L26_V431,092f92c581267d856fc0826615bd965e8e974ae5bb4baa08a92c8518c8864c40
47,L26_V155,0958c134ad1b560d55b80a17e14eb362993e204dee1f739cbf19f7a769a30601
48,L26_V246,09a50bf92fdd4a2d33e4103196cc2591050f938c703713b105671b5e14e3b131
49,L26_V023,09ac66403b4056bebfc0c0f81d9b226b8017416eb6477f3b43a24f137d76b45d
50,L26_V256,09af98b70989fff5f38a7030017dd73ba04d9ecf73a0f3b3465dae3a5df68f50
51,L26_V013,09bc68b3f0287925f0415fde895d19ddd3492ea1510ad4218c38f2399770f82f
52,L26_V356,09d614ef2ea103d66ca5f0dda89285431b313f599cb57987bf8a66dfc69e0107
53,L26_V396,09ff48623ae265a0f452789b4e5ae2b8af934eff381e159a8065cc46f6a3b3df
54,L26_V296,0a4920d986772431022b982365ecbf9e462819f4e3964cc72f79278c63a331fd
55,L28_V020,0a65625b796906a148cf3bd1f1b8416eece23593aea8632e33edda0423050767
56,L25_V008,0a7fddd35dbe2cd2925634784040191746eb4a69e2910896663bfcd6d3b9daa0
57,L26_V067,0b06faa2fd7b7c4399fcf4cbaff22ccb858807bd16b567cdc3da413b176ee4b1
58,L23_V009,0b0c86cd273b36cb6c96510fc2cce67b0bb949e9c67a92b26f19a5ecb6bcedb2
59,L26_V286,0b0de0d25953615897ded19bd54cc32fa5130f41767e38640831c32d15376a7d
60,L26_V245,0b9134762125fa132b662f29df770357f0fb9b868849e20262ecc50242337333
61,L26_V402,0ba9af8d137c809e2384d51755fac001eeed8c277f639645e60a5ba48117d37f
62,L22_V026,0d1a09153a5006fecd72468bc2f577d41e366465417382fcb10f6c24b44bc4d8
63,L26_V247,0d4c8f3e5f36d62ea9aec5ee86dde134fce66f4ba35bdf9c98ea9f455afbd68e
64,L30_V070,0e9b0990688ace546b939d34c8702870f197cfcdfe48a984b1342dfef6a9c810
65,L30_V012,0eee40d7226ce60a432f1102f999af5ec637a56cd9c8781a471952da2a7ae748
66,L21_V028,0f3975df0241069ea07368346dcbb097c8ed325360d93e38c7137c77511d44cc
67,L26_V193,0f9639877b75ed40ea338128a162fcc10db626401775bf7ad8f6129a597301fe
68,L25_V034,0fe062aee83a83040aa02971bf76030ea2e6d61967a6f60f7b16c993b0368881
69,L29_V016,0ff2b53cee917db1b862a4a870b424e386f2859de4027c68870a1f89917f8287
70,L30_V050,0ff3e2a2878332961f5d0160c399b3b467ac04c93e52a4590103c42455db1239
71,L26_V218,0ff8ab730b913d95d40a00968a7e867c2577833135e30e0e130e96ab06eaf692
72,L26_V444,101c870890d665ee3eabb4975b6d2d17604223ad204e1de0065a125e6f17041f
73,L26_V077,1033d02d6a6630132f1004a6072174a1ecee1e98712fc73bbc05cff17168a1b8
74,L26_V450,10ae2a6cbde8ecd8b572e8fa0623ca3d9019ad00e47105d36863644a3f568d27
75,L25_V084,10e624db275a886a86e8f8af055a21b88383228469744313f45dc873722ec0e7
76,L30_V065,11a4841b514d464e2cb8994ca5698815fcfa278e248e8cee826581d5bb3379e4
77,L26_V406,11a5be1cd9bde6488127eb27bcc81625a9dcde87968c276ca441a0636c368506
78,L26_V282,11e6f3ca42733f3517701074121ffce971cfceef6cc776b5b686568481cf26c2
79,L26_V129,120b8a89f86ca5a5f36d92d81636085e9a403242052f2a54b2493ef32f0948c7
80,L26_V380,121a0008a04e91619be65fdec0af963345811d8e5a57fc2dd8efe98dbc6e15d2
81,L21_V005,1279bf7311168af4ebf38bfb88ef94d2556475dc686bfd7ba854508e3cb60d34
82,L30_V044,1326174e6933dd29ff6dfd692cd47d109760bfb598543077b79789ce64cd3221
83,L30_V082,137e65063050f09dd7ca020d4fb98dfd70a216621d0b3d7ec583e6fa8e3a4e53
84,L26_V113,13c256550c55297fd900383a8bf784a221766cc77c158a9132b6620b23f1f4f9
85,L21_V023,13cdbfcae08ad1e90503efd7faafa8dfbba4e3de7e475930357eb35a4fb6bb71
86,L29_V015,13e79984c88ff0fb1b40901007db98567286f2d4f78cc28536bc0ccffeba58a5
87,L22_V022,13fe9eb885a10fe75adee7cf366a6cdcd79191f1d0a277a0e16143a164bdc148
88,L30_V055,147f074df96a8671fe87eeaa99f2e15c935181da786fb99af15c528c6afe2eb2
89,L26_V163,1577aa816783febfbdc60cfadbc07c6ecec2d8d0df6ae2f8480db4941e68ad8f
90,L25_V041,15daa9ba89612221551bb906ee7b29c64681c7b2d458370758aac852149538e6
91,L26_V438,168ac6a45815b1b34e14638d76307fd9823dbd0f50f48f1c79336169c46f9c1b
92,L26_V187,16aaf3d002de06d76965c02ebad9aecf50f7ecd0075b61172fbb68addcc6dc42
93,L26_V263,16ab4807b15aaad59d097f993a733b786dd1c30efbebee2c911c0c6da30ca13f
94,L26_V198,16dcbf2bbc0243fbc8f7061c27f69c4094a5dac32cc7f3b09be1a949be06ec89
95,L26_V274,16e20add865aa63c654c69b785c073e6e35497f43587a96443a20ea575c5b18f
96,L25_V022,16fb45bed76a5e31beb31a6b0d3d62ea631b622a3727d13ad06ac67cdead579f
97,L26_V122,1758b84dd5a7c879c510b5b1318415d1a884ab1fd529853326f33879923b3d8b
98,L24_V042,17f7d86135e315cf869d045a66174e696c59200b019034eb4e413f18343841fa
99,L25_V080,18c2d8c98a8563387e09d87bc093d9075237ffaec3018b92a93923c4afbb85fa
100,L26_V267,190943c678a68d698279c56f7a1f1621579fef918268d1293d775a0d28b356e4
101,L22_V008,19a1a68fb1e64767b12c031da5ae4e437250076ebca49703d72b8b7fe41d161b
102,L26_V326,19abd2f27dea762d7baa1ef9d4e9d076fe4636139cc6d32d60b29b374912e8f6
103,L26_V359,19cdea60ff6527ee59cffb9945ae5e14342b81ba674aa23216b94a04b414e465
104,L23_V001,19cdec9c928eef6f0acecd314f1c0a5095fae2504c69721f9b36a09ca9fd1581
105,L26_V291,1ac90216f04dd3862640bd4c827199b96717118ea937e8dbd7c9ece2264dc295
106,L26_V231,1b33ccfd80ed223356e77fdf475abe545568d0c475605729efac4380c74d6061
107,L26_V109,1b342d7fa821c591c344f2c4f12b8e6f86731544b7beb019ae5cf1ad97835fcf
108,L22_V029,1b45ec59ab86b4b730295710ae4469a792c4c4d1ac90af1633c9e25005caad4a
109,L26_V375,1b4a38bfc3fdd73474f6e3c4705f0b28839033b78b31c4f4aa48f02ed31e626e
110,L26_V318,1b7e3dfffb1f385dbaf5578d9445c82dfe62c51e548171a0f6a0050447f76e4d
111,L30_V059,1bf02d553b2309c251c2af8d1dcff9c460c42582c2687a5b0abfce72c50d05b7
112,L26_V214,1c75a7ee05a61c8897dfd26e5074edd082e565dff2eee512948000e03f0a90fc
113,L30_V060,1c85b365a27c375cb167026573bce92d9c3855230563ec6a220a32193045c063
114,L30_V095,1ca1517074fc91fbdeaf977f2266fa65fd296d9ec8386e32dff83f6e3c52c688
115,L26_V049,1cd89f3ac8047066646052b83b42b3cd2391d17e167a439388c1c892168705e9
116,L26_V289,1d91d114e2bcb20c09a2fe52ebe980ec81349571e1503fa8537bce26a6220e19
117,L22_V016,1daa4b4bc01e8709fbc4cc3fac98ccd93f00866ab7e41f95f0fd6c0789920dfe
118,L26_V470,1dd801fe7275870ecf84a51ecbe5eed0ceff9f38f1cde919e045f864629862b2
119,L21_V022,1df0162ce1fa2d815d8ed4eb0e13045c6eb9df8408add62531722f0140c40abb
120,L26_V398,1dfd06924876055c87e2e48b8ebf47421b1e4f3ca4f08a97cf804806e9723543
121,L26_V441,1e3afc0a6aaa30addde0b22111420724225125d677a46078c2c69fbbdcca7d87
122,L26_V369,1f8c203961e5b6fdcf09c7f3f942836205009fda3b96e695bb58b732cd9e931f
123,L26_V007,1fd7caa9bfe830f2742b1cb8d45de6c333577622a711ffce209a32798815dc7b
124,L30_V057,1ff89b870709d28caf1aba076e17abf8956122dba7cb623d0ddd2fa26b074002
125,L26_V415,20f8de6e127f454fb23ff6d82c537a28f7b4a13a2050a8997f3a1cef97e787b9
126,L26_V094,217debb28afeb3838ec32841c2df3239a17d9edc602a286899b693c83ff72b4d
127,L26_V178,22297a381a6c2d24811e72574c2a3dfc28689f3509834126f02893aaa8164ff5
128,L24_V014,2263cf522bb1c2ea58edb0b6e6c3287beec01a3e62885a5dcbd6985a11a011c5
129,L26_V479,230c7e5927ad27414dd803d30048645d947aa2540c6925062fcb93d2476c4143
130,L26_V020,23806830d84d55fe54b4afcae5412e1cc4c8b15da5fa30ec58d61e5320e8f8be
131,L26_V477,23886270727ce9407306a2369e45cbc99ac5459192c76b92caa42ad54a56c74a
132,L26_V054,238be2918ade314dae491fb020a52c436bf9382237149cfc4a2ee718e122a98e
133,L25_V032,23c90a94d8b9530fe71a4e9c8bde4072bc0c6901baa2ed0a09d6e432c65880c0
134,L23_V002,2413edd37f315879c3e29b4be6c546e0950e564cd2a900249041e83a0b1be52d
135,L26_V179,2434010be8911651bf1fd37a9013b2a9a88e9b5dfd165fd5a8fdff844e9ddf0e
136,L26_V480,243dec46a66a26cf8e01e347d9861e284be30baaf5c70fc2b62d9fc031345751
137,L24_V028,245b1093a8b07a36f3c49dcd49efca7c8a925c279e8ead2cb13b899c77556689
138,L26_V204,2485da5534924f16a0c1a16342db036efcafa6a92e3b7f49cdd50b4ff7b58f04
139,L22_V019,24fc70e2de2b0808d2400032c23a14e0473ab6f13ea4d1ed25081f577cb3267c
140,L26_V484,251b0528472dbd74e9b47507742a589b962181ce4113baaf7cca803f13a5db34
141,L26_V448,2530ef6b314c1fc19e95dd1f5608a8fca536f7e2838514559b5e398364168f3b
142,L26_V046,2591dbb290a680ba0b996b542971c3fe37c005368823937367cd48fa26c1a506
143,L26_V383,266499ffa42b4c2a623eedfc68b1ae97febcfc2a3157ea982e9a881cfbd37263
144,L21_V015,2672d8a24e638f21dc1cb0836635306723111b1bc2cc017641034dd1c7cd736e
145,L26_V258,268ea95a9ad1e7afd360e90f442e2f6a8d004294ea50316fad47b627335f4e56
146,L26_V496,269ba226e9ad1bfe7fdac03f26105d73a3e7f87e1ea9d9ecc6c65b226c68a812
147,L26_V259,2732038fe2c65d9aa067f086d77ca1dc226799585544d16c588a599d421fe501
148,L29_V023,27af253d0f8fa627dd9666caf2fbb85ae9180893ab084f0161eb9faa152349ad
149,L23_V003,27ee51da55ef7983b3a2e9d6cf7960207029ebeaebc6ca478f4f3643e512d25a
150,L28_V015,28e85c753673490f48f5a11073232b1c049c3b63726fe963ef12fb8d5789f2f7
151,L30_V022,2941a14e29024ecc699fd99bb81d3d0a7688fd164a276e5355262d1ec0ffe464
152,L30_V086,294486f65c6ee28aabd248232be78b1833d1b5de4d7d20ecff044c24cefbfc33
153,L26_V460,29771da32246c764de88d789048f5c8e6f44c561ccb254d554c24ab2cd8fe689
154,L30_V074,29a106e23aa6c2503ffa37066d6ae1bb558f166075930709a1674aec72a57efb
155,L26_V320,2a3351dc92ffbe7ceeb2802317cd93098c213ded9550ffb44ea628c9a553cb11
156,L25_V067,2a40d131e64e56413d4ead6c763d66ff132ed2f66387ef5732a2a3bcdf8c302f
157,L26_V154,2b04906a3d738c22e877a42700be3ae0b37378ef920307b884b72717add147a2
158,L30_V061,2b46ca0f7b529ff1774c699299230bbbb4dd339aaab1d8466b0316d455fec731
159,L27_V015,2c1856b3b413020e5543bd62043e569c744e8398e10f3e8c2511d28b35310d53
160,L26_V133,2c4c74ebfa4d6b6df71a0ec5a34e4cb543224941e233fac6c7eedd624c84ba63
161,L26_V463,2c7b7c5a10ea6a5b6bac92dfb37dbc1942a256f0d2d0f489518f41c562834cf3
162,L26_V224,2ce610a21e98617ea3080dd6fa43d35fc67ad3b23b99e3915507fe897b7002e8
163,L30_V079,2d025e7b93a35cf318f1ec4ccd50654fb095e623f4993cb73b4a052cee239aa8
164,L26_V031,2d15c99b1bcd518e9e9b12516ba95a5a1704eee152137f187a90a50c08b098a1
165,L25_V023,2d39c17f3b093c0b71f56d58c870489a0c16ec2dad725440594850ab57c1e2cf
166,L24_V010,2dc0adfec468d107c9d158fa1d5901fae2f94ee94011c3123ff20454eb664d91
167,L25_V036,2ea0de225938e52775c01cecf08074c9ce1690c6c526f60b344e068f334abddb
168,L26_V069,2ea855399d8bacd6a44e0dbd907ac3a3b93c50f2839f1c73d87b046c5476a3f0
169,L26_V316,2eade4cb1f2023f8152b5b90cc6cf10e6ddc9b4813a7208780fe0c2f436be25e
170,L22_V027,2f0f58edd52c4766b79f40309a869a50ed7fa5e50c4e6083af53762c17fcd6f0
171,L26_V457,2fcc28e0d9b7cf3c067f6dba3bd8f4669fae3aaa719db63e53ccd12847ce35cd
172,L25_V007,2fedbf4b0de52877cf39a7f9a6f715f740d1a03df3fb92eebecfd35e9c5e6e7a
173,L25_V001,2ff8b9d70143be4c8be1daef7207e04767a75b670694e761942aa2ef463bf8bb
174,L26_V367,308ed2b46d4965e78806e6d0999f3ee71749b5429b60efc154e123ab6532e18b
175,L26_V203,30e2b696b15ef32253165bdbc7e069ec58a9c6e5ca200833d7da55a43b1a05b6
176,L26_V021,3127caad6081c89bee52976ca102d9ce11cb2995d75ead01e9e2b111c0507b0a
177,L24_V015,31a12e3d9fb561421cce117ed603798501589ede1de13961b4244bbcdcaf24fd
178,L29_V017,31ba9ae18950429d0cf07e39a487d834c503ade1ba34bca1fa9a5b1cac9cfd45
179,L25_V078,32044f9e72951a5de6bd074b2391e676a7a1697144232b0ee46e98e82d4d3233
180,L26_V011,320cc1814602d59e099fce551f859fb72bad006d546d8a3d52289757cad0c0f2
181,L26_V131,325116a5f037c6ef5ce783fa1ae49f37dd76fbf428539da51b0b444c7fbfaf10
182,L30_V085,327fb620ae8d367e1d0ab5fd66136df64144f5ca9eaff6637f27301896e73d79
183,L26_V382,32f136c78de0f5acb0daae456e97918756c7c3b5f53fb2ae516450c5c4a74627
184,L30_V069,331bca18f4f8d3ccd7219ab192c15419803f95144692e1e365c3c19d32f95452
185,L26_V176,332fb130ffc7c474969fed40c12ad1831c2593120d6dd2f0f6d16f5bb3733095
186,L26_V420,339edb58ad104a6b3f55097af7100eef5305a4788ff06aab17b346d5590f5021
187,L26_V272,33f762b6a3323766e955b1a1fb3c398aafcfdf139c21a695f3e078d4d3878a02
188,L26_V407,341b3cbdb9466a319ad8311b7fdbfd37f6263339cef75a938908f27cf9d9e41d
189,L22_V011,34669b6a0b3c2a02a068e570f5f015f94b20eb870d75ef588f3e71ed91dd1e39
190,L26_V115,34ab7f9ec903bef77e100d66ec42cd0a9d78c7f073d39cf47787c3f5d3a2ecb0
191,L26_V474,3592e00b85a8a101deceb50897b0ab3a11fe8964390e539c0661d84c9fee748d
192,L30_V080,35a6d36a2e124ae364c11fdeb00fef19da510ceaa8da4913fb2161c0ea2fcfe3
193,L30_V075,35ecfb4e20acb991a5e35d9a9192071a304a63c49116efc48aee8a3a3b518871
194,L26_V053,3612d801b0d8b1539a02bde166c68b835ce93594bdb6926fbd0b644f4c0ff0c0
195,L26_V097,367f28272b171c3e2efccfe3259aa6ab661cff238b577d6671e71a850607ae48
196,L26_V349,36a84bfd83c2536423791d5f420e87651620f34f17ea429f9b1ed5563d35639a
197,L25_V058,37800579417fda033213b742acc602c5198a02457997026604b3db44ba2d908c
198,L26_V308,378927acf103bcf9e71ae439f4db1dee887b46a5968541b52ceeb8788e3d2f14
199,L26_V357,38f962190c9f881502391a0c709ed4711012d066db210e7b792ce48da1933f05
200,L25_V065,3935cb7906e41af3148dc579cc15b28731c914e2cfc58a164a698f1d03582c14
201,L26_V010,3941fbc053a50fbf29ebeb05acc1a96948ce01166733dbaf3dca3c62b946a2cf
202,L21_V031,396450e8ca796fbabacce87208990c09a097a08e8f481302024f7d1911383e5c
203,L26_V362,39c0fa32dd18b08a5ad74162e862d0510c12f8f510af450c925f2a8a0c6b1ff4
204,L27_V011,39d844bac5f45b30b4583e26783fc5b755577cee2aad8fa2d14e54cbe9beb6a1
205,L26_V271,3a011dbd796db63869e7bdd364c7447fb1e0a8706167607da3d6304a766f2750
206,L26_V430,3a1d25ac78e06b7bc66d6c23077ceee1bfddf78691193691e237778389a5c34a
207,L30_V072,3a3a971a2fa4c1316e703837edb6a4ca5903769b0f51f144635fc8558037f529
208,L30_V087,3a88894701671100d86e3c066d0baf3a2da497315fb468e02568153493cf6e2f
209,L28_V016,3ac1a8b8db17f1091c0edede720dc0f362301967409af0abf89c314cf30c9bdd
210,L26_V372,3b407495aa83aac3ddaf4310dc98025752a8a613c6adf0da5440401c4a3d8ff9
211,L27_V003,3ba936948d78163dbdc69e41d84c5a7531b9dea5c9c24023dc5b94f2576b010e
212,L28_V023,3bd080bbd7016ccdf259d5e9c6312589b15e72a14ca7777a4c9c802851d85fc1
213,L25_V016,3c291bbe7bfc5e788cfc11b40d5b346f518a1b0752cfe3113d84d0a366675592
214,L26_V116,3c4f7b21ba43cd3b0f2ed317b7e61316afd77b091f110c36cd7947c2f83253b5
215,L30_V007,3c9410035155e24901e58193b65aa879cf3e239aa3c8e92730c87ff5b4b8416d
216,L26_V026,3d16168227e0dd7d0732347ddcc5bcafb154bc1bbbbfd38babf33f0cf9b5fcec
217,L26_V413,3d565e0aca52a3dae06ffae05bd2e0dee3807cd0b5b0f073e838f101bceafb8c
218,L26_V285,3d7fe1495e97e688e96c160cb8134286914850fe7e3c1aa442362614d968a17f
219,L26_V381,3e92aae07e08b1523539885a9e0ffed09a52cab924df9fd3f9182abe7ab999dd
220,L30_V014,3ed72742811b659085c3e85724bb6e709e3f0b7f33ab87404c8c54b020ce31f6
221,L26_V283,3f7ea1568bc13e475315212639098d624c0f4122c3331d38723f77158d03223b
222,L25_V061,401c3dd7c4e966c604a9dc84e1eec8e321fe4b4e9ece4e2d1b3cc51959efe63e
223,L26_V063,402fbea21b2b741081d3baa222485c4264facf2f7bb6afa8c1e6d89e1f7b2f5b
224,L26_V281,4088ee412a16b655bce32674dc2d424482ef9778a955465a80fe7f0431b94e5b
225,L26_V211,408bdd2cc19beaeef422e72e4892ec55d5d0fd4a13e09d8d9a1db036a41723e0
226,L27_V010,415605a8ec767048bfeab361c880979934443a086d8861f61cb9b966576c0bc3
227,L26_V238,41690670ebbe26b7e84f1502b9eee7d626b48e3b9226367fafe5fd5583495f8a
228,L26_V262,41b41f6e02b4575be01c65904d256ee32da7e15d2ac4161adfa04a21f4fd31ec
229,L25_V054,41f76bad886bacd898a1b80f6984a503ffbee4b5010926c6db39696eedd389e3
230,L26_V235,42176dd08b67c00df3dc2b9b1e8d8ece6757c05d03aef350325704a0dd9155b8
231,L26_V321,423ca625366bef50c12ae57651f7d05d7febb8028bb9f836ec5c7799e9c98988
232,L30_V024,42de5ddac0fe9f152233297045c317b700d5760b4aa6aa075dadfebd057fa4d7
233,L26_V195,42f4d4127442bc516a7cef4210830aedf0806fc1a88b3028855edaf97487139b
234,L25_V079,43003de3fc3031009b85674cbdc375293fe6612db502b070dfbb042802b492e6
235,L22_V003,43986f99a38ad1510dd54f4aaab01621e9054c81aaf15c83e0f57202af7f0f5a
236,L21_V021,44a4697a32f32289a828f007e5740f116bf789f79d5d4588b6f908a52b49f8b3
237,L30_V084,4681fe7c8cb61e08c5b5225db83ab95420aa0790fe2a890f72748d5e53416d47
238,L29_V010,468b3cbe83eb18b845d8daf3c25ecad5e3d5108b15ea0bef13c12db1d68f9975
239,L26_V280,4761c3186beb36b241fd7c17c86d86d59b25b586153f0edb9c23d8ad96908323
240,L21_V011,47733da7427e5d8a8174695fbb15711cd10f0d8dd639b5c8279c53c24a9b9f3a
241,L28_V001,478fedebfa30e23b708050ac21db5196601a30768b06d1bcebda53280017b29d
242,L26_V242,479d89f7c9b13e83339be2c02867e51b367823ba99def1ed46d050311434b44c
243,L30_V047,47a0d3172a046b77a2482adb271cb3cb3e04369042682170e5dc3aff30afaa9a
244,L30_V020,483467c561c52806edfa19e016c0cd05545dac0a185ff1d263a01a08580153f0
245,L26_V024,4896f5c97b12b938b72ba6303bef00c5fb4ad8cc249ebce583edccc30a6ab883
246,L26_V422,48b2d0ae4658acaa99bf28dfabbcc1f8dc6b601cdac9b9c2edf41fcb2f8412d1
247,L22_V006,48b3327d22adfe266a0bfc559b5be79514ad6be80ad53b5dfd4a950a8b630a14
248,L24_V008,490d031e2bb5ea685bc7ac1fab5208f6931e2ca6ff2e201a8be234995d0634d9
249,L26_V265,4a44f9ce9237b000d89bcb2936c45e17ecf26101142c4760979cc8ffbdb015d1
250,L26_V035,4b2691213d2b5e82a550126a20c822f5ea0fb0ca46f3d9347c514d62e3d58f06
251,L26_V467,4b41afabb33c49d945be729200f63d1927bad79f6102d7acc107c132b870dfb8
252,L30_V039,4b59ec6c55c8dc17fc44f05f30faf38d96145b87bff3718955442a0eb25b321a
253,L26_V241,4b6af30b96b29a9ea223d9b5deae802439502fab1a27ca85c62318ed9faf25a5
254,L24_V007,4bb64e4dd44c96999647d752737caed1107f33c76ddf3aa8fc63f6a0c4c76304
255,L29_V004,4bb8f8d77c41fd3fc0bbf4fc99c1e3d582e815f46ea022c5ee3a920807ec4fab
256,L21_V017,4c880a78c6492ae251db46c17be68ae8288ffd33e473b15918e5335c2ad75581
257,L26_V128,4cba61b6a2ec5b06c86f7300557341c72a63d6ed76da2f49cbcd8f4d0b561249
258,L26_V111,4d49cff9dad6f7c247eef7b31846ab1df6faaee9a37be1c4229422f9f1fbe3aa
259,L26_V027,4dc71ad8d12327e7221e043ac3b4fa2c94bb6304927f3c9d4c0b50e88c360625
260,L26_V434,4deadcfc17184c5e7d3f293f24ff9f3d75db0536a88bfac7cb63f0b36b7c083e
261,L23_V012,4e152cb1150a9a20bb50edd8a35c3bb48120d6d291fd31108302375e4932ad14
262,L30_V046,4e7908214b546d8d14d56016f50132222ef2e31500d0523959c65cb2b6e14893
263,L30_V077,4eb3c9df43d4806292390b530060ebb217dd0c86211d31c4376036250ecb6be7
264,L26_V276,4eb46a422e85a9c0ad1b123e4dc18b3ff2fa58bb407698095e3691738eb5985c
265,L30_V023,4ed4dbebd6d6e1d8a9a223336f1aa81e6f3de623e2a6f5c2e5051cb670f6d76e
266,L26_V353,4ed86780572fdedec3ba93a8d81f0a0db4f1f467a01c8b13294f168053a51983
267,L30_V062,4f13a581022dbba01306ab1afc1dce968b4d3346969a8f8f41515b4f7019b960
268,L21_V026,4f2f137eb1ac8b1a47c1f12af1bc669f23214d4a56563a9a253d792d80f5fb9b
269,L26_V172,4f7ad1ab8d0441a631600cc1924eda87e5e6c0bc38bc41811c0d998848323ff1
270,L26_V339,4f97fbe17adaafe5a03680ad7d1e83733f8f7844c1ac6e4c968b713123a37b72
271,L26_V084,5084ce1e2e85d59a91aa4fc31bed878acffba69952630d2dd8e8acdd5ab4e546
272,L21_V019,50de539045510fa2144398dc180ff0d9a6adc5d877446673cda0c56d0446f5b4
273,L28_V021,51ae0a61bd299d0435a76ee9d78f14ffc31234222621a9876cfeb62c1f011512
274,L26_V174,51b0d0c0e2fd439961dbf966edc74ddee36a85a21df1f9dcc790707a1f68f303
275,L26_V351,51ca6b231af2e882ed5502f22a16a98e47f8252059f4bdb7801542a5e34ca377
276,L26_V344,51d679dad4774327c7c4ebf0ac9670b7f2b9a4784534159ad8208064830cb1f5
277,L26_V056,51d6c0d6dcb45ffa13581e46cc78161e0a303927a22877a5063248109a865461
278,L26_V355,520050274bff1036bb98e625f86e686222ba75d6d48794efd6ebbd5546b3d84e
279,L26_V087,5215dcd8f658f230d984aff81a663f30587860c5d004901a33d3e7447b0a9882
280,L22_V009,52295b5dc2c76120d9f52c4624c762dce5a51bb2a15811706744a2058de0d498
281,L30_V030,523c0502a3b644893c883c774a5bcdb422145e8bd4a9d0df4ef27f14edd6567f
282,L23_V017,5247f3d9f4e7f0f3ceeb6983fe952f7cd49ae0c3a823b8160f48481dc92a3422
283,L30_V040,525b02b36a0bbac274e166de0d862822ba0c57268518a5ba302885cebfbe58dd
284,L26_V334,52737e7fa69e1bd8a0c9fa54e1ce775455dd31108d5b9bbc0ad8ef97b86b1b4d
285,L26_V327,528bedb2108de26838d440f9c8c6549856093b143ffa666d1ded0e6bbaf6ab07
286,L26_V433,532badcf4d9b3e5e718faaf21c5b9b8768ef308f4d093cbb73f621016dbc8a7b
287,L30_V088,5343b02055c723e80b45ba54957660c18037a49306e123ec48e90482461d3314
288,L26_V196,5366f83aabf12dd8864b8ddc3e25befd89c61ac42e41277655b969c8bb098c7c
289,L24_V044,53a954d595692ae0a5491e3ffed10bd0fbd5ec4e023b205b4e0ffb42543e4494
290,L22_V031,54574b154bbe072ed3eb17f785dee73c2268d9a298fa100a75f66b6c20cb0cab
291,L26_V440,54dd10a061083b6c319b6947e44b0bdcc138e27b0ecaf3b401a76f32b4892258
292,L26_V188,551f29defc36760c8aa689480a1fd6077619acb3c594d91a2e2559516c62a513
293,L25_V018,5523b0f9560ccee6b78c612bf6f9ef6fa90595ea2bb150bc848be957d21dd25a
294,L26_V104,553056f7f71459744f815cc708adb9a681e1a738229f0e7e0dd41db24d43822a
295,L26_V029,55751542b1ee7ffeef02a43909c028f40a39c55358dc60582e72a8de2e02762f
296,L26_V329,55bf42dc26a3c299b4199c93c5bf42eb85db31ec6b9faacf6521e0f43a8ce87e
297,L26_V012,56139871ffe76ff07742eb4f9cdef0cbbf63e24cab0fab347e7704b314301a5c
298,L26_V028,5639bfe43db528e3cae34eb4cb23c38eeaf698a10f85028842664deb21b8a294
299,L26_V100,56fce9199793c75b827eac3be389f507d25c4f4ca3279e84d76fdd6f62f91f3f
300,L25_V086,5753a0165a8bac21686503e1b96bf3d2193dbbef91160fa5d6c0fc9a9f803879
301,L26_V352,575fd39648f6382d658f4638af95946b11a341dec66f69dd6aea697fe79bbb62
302,L26_V033,58f6e34983cf24c141db81fc3838ccc5298ece77f30bc8d3bbb837b1e06a674a
303,L24_V035,58f869d47781ba4052e7f819d27a72c6d365680e83acf690462bde1c53a2ea0a
304,L26_V401,5952800b191a86aa1a48c7233464f16b66dc351e98d1f90af76dafa2b4dacac5
305,L26_V429,595c131e62b291157ffd9b8259f1bc3cb73cee69aaf8d9bb108cea1c5490d57b
306,L26_V277,59c67a90de9cd23698ee89d1f1d3aae0f1a82a1887360e1f935e23ad5bbd10c9
307,L24_V041,59d73c2dc915a31d498387be4b2a6f8020920f3e6fbe2d2d0b90af3ce5cb00c1
308,L29_V005,5a59dff971287abfe9e6c759361eb54f9a6097dd605faf92cc7f3ff1791c1942
309,L26_V105,5abe37a1988c422fb9b8db13433251058e00e4e208d7d2b6b6b548a26f895597
310,L26_V239,5ae48e2ca693dfeda6dd8147322409c1f5470a95325c129a6f13c769f568c45b
311,L26_V003,5b0af0308970fb24432854fc6597bf99845f0697a6f94071eafa15018c6c75aa
312,L26_V121,5b34f56237307435e3e71a3d6ae9f5d9929be66d262e154623a4e55caf600ee2
313,L26_V143,5ba4d3fd207fc685e11b1fa869a9518c2bcbc8c4984eb9f7e9da2f332dc9e62d
314,L22_V007,5bbe63da93756048612e85c89b2889a8aea3065fcbd6dfdb82127ab958292bef
315,L30_V042,5be49f1d1756252e951b5a268153000c1001759e59178b5890b5854a7921b5b7
316,L26_V379,5c1721b99669fb39866e74ac74dbf9136db6cd3fbbccbe880d066baefc38b4dc
317,L26_V264,5c1c4c972ab99ef19b2013919e16ed65109a118ce195700d698e0e6a271663fe
318,L24_V004,5ca0851ac0dbe7c1234bc285f4547df14811815456330355e49e821e3fa7d3c6
319,L26_V370,5cb75a12e7083b02148b90d97ce32ddba7bc3f79d5049af4068a5e0b38c1764e
320,L26_V182,5cb7a714dd0fec92ee972b970993a9bea005d3fbefb1468e3068921e3244f20b
321,L26_V228,5cc269b901a632de63cace64bd190ac3f9c757347ca591298de7aa4096f69d04
322,L26_V189,5cd74cce692c52e64621da3cb02f9b8643b35f1b5eaf428123e1827d22a50d47
323,L26_V499,5d0079a358b2730708444ab7ffbc6687635f016ef571066ff3d34bfe810ade0c
324,L26_V072,5d291fe2b65af33837f15ae0f6e30ac00d1d15dcd2bab4fd814cefab867be5a0
325,L25_V010,5d5137713bcbe3f0dfc7f400f5fdb31d635de4c273375626ffae04f76a25adb8
326,L22_V002,5d82d41b43949e82d23f604938e2e3c38add8288866faa1a696621a7c8c55013
327,L26_V141,5da839f72e359b242877fdf23fc165c600ddf6c46031861eb27296b1071c3a70
328,L26_V482,5e12e16ef49f9eb4de98b5ad5f04a062381f370e04aab036700f217f57ec8b35
329,L26_V157,5e58d17b22f0da276fb8611c87ec215be67da84894e9bef74797094ba94b5deb
330,L26_V062,5e7e9a4bf452fbb551386d2ae0ec9bf4e38906565c1a0d63c9601004253196ff
331,L25_V044,5e991aaf9fd35343ba833d1c0443f73e70fc445ed8ccf3edae97e0f3a90fc544
332,L26_V333,5f2b38050122da5491a6baec4756124aa517885b6dd42749e106009852ae7471
333,L26_V459,5f45f43641960656450c245a511dd01f5d25726f4eda269a35e7f02eb31d5566
334,L30_V026,5f59735c487a486fe0f2bb83b3fa512f71ba956035ba954f504960e48dfc1855
335,L26_V310,5f7791a92a5f2352840cc418c86fa063bc6e5be0de37a89d19ab48f5350027a9
336,L24_V025,5ff41c5f875e118a16c6e323bfd339338f671bc1bd24105f2befab1a1fd548f7
337,L26_V252,6031401189e4ec8ebac07cf97ffd8b20f04241c82d18a29f5413f5d59402b8b0
338,L26_V108,603fa97233fca691de20347e458a9b2661f1a70be6c43694f43789ff0621a4c8
339,L26_V313,607cc87f5f3ef9aa51a49e787b6a98bee6e30bf4751ff5ba100358fb6a6776c0
340,L26_V373,60826878f952abc4bc41326a4b93561393f1f0abfe123c59a61e8612626d5285
341,L28_V007,610196f0fca0ebce649cd2149ee29a416c33e56ff5c5f0ff47eeb0d224e17fa5
342,L28_V013,61637018e765ce21130ce9c0b595e4bc9e58c708e852e864e629fe8bbec5f132
343,L25_V014,61783b34d34604332bb9bbcc087da4905778509abd67b1f78766240c9522148a
344,L30_V029,6248fe73409574d4eb6861b3613367e9c9e626b0a2517be48dfc2680e02a7018
345,L27_V005,6292ccce07ef2645fef11c56e042a7248253ecf38c356dfaf3870f49d63834bd
346,L27_V008,629caa86b7857388785acc534badf5f40f34adafb04e013ec14142a90e796461
347,L26_V390,6345224b9031d7590e16b871940c8c0d333db0be86d1db093ca3bdf11bb04420
348,L29_V006,635c5e9c57568d087e51b5744b07eb9501cab1e0fae366d7c4eaa4d52a6e3c9c
349,L25_V043,6360e0c276293ad721953a40320b72963af24c39895576cfd8c6e8f2e163974b
350,L28_V006,63646795a380a09d617e39decd3efc6c0118cf88709cf552a146479981b86913
351,L26_V206,636d2aecbda3792a4832b1197a0b47281795375c62334dc47485be799262f51e
352,L26_V217,647182dc7ecb717e4876658835d26075b6da87489deddc4233e9f85d50ba2561
353,L26_V345,64d18ccda66ebdd4cc1db6ed45f7ae3edeebddd4f27b5a0a38733db4521d9f17
354,L26_V494,64dfa203162ce92519d4796dac02a5f0ae79f1e7318250216ef17e1e4aef76e2
355,L26_V060,653b07dd2098e9082a2be67625cf367921c6e8079dc3c5a285f4ae948e4f96e9
356,L29_V001,6544f071317f562b43af44de267baa417d375bb4568506ee6b3f52504a23692b
357,L29_V007,65a46556b2994fa85c911410338a7ac7cdcb6d440ab304133372229aa5f55bbe
358,L26_V388,65ab6a46096aaa327a49252375ceb24aa7c165f296c781e6caca6ae2aaa0e363
359,L26_V323,65db984cb291c5b0e847b5090673a1b2f51a3a62b6a91a61d21619953e69f73e
360,L26_V328,66062a79e90651052a5eaf7f3dfecaab73e32ba8f6c339d173503f34411be73a
361,L25_V005,66525270966e1fe1460b07ba6f1fa88804775c5d43615cecf0a946d1b7b6b2c8
362,L26_V161,665687a77344445180df7e750ad0edb3e9ae1a1b1647aaa01f43f28eb5e7c030
363,L25_V004,66ba9048e0cadfa12b72cfe313c4bfc6741bdde16904544e1cda9774fe542883
364,L27_V012,66e07b9c3a107b8ca4bfca72528555e39d22c34db3b82c79c83c179c26421e12
365,L28_V014,66eb9398028924bbe4b7f6cef34fba86487947080457a70faa37de87a8579862
366,L25_V037,66f95bac23cedc3b082c96be59de16ddbad837932b9bec177a99c3c307bbf1d6
367,L26_V428,670762f599a62ca88f42e40980ee45b04c2630b2fae5c37ead28cc049a8ca5a1
368,L25_V031,67174ded1880e2b1a46d4660db225324cc677851bde9d33bd7158e669314acf1
369,L26_V337,678719f4e44751f9ecf30b15e880d8f61f4bca92041d3333c068c98266b3c6e7
370,L24_V043,680c3fdb71d71ec4d0254a54dc9126c1430601c59205c4c11dfd50730e715ff8
371,L24_V031,68807728b73a4e28d5489b596f6438571511db4ac0cb81ff4ca7489d684bd08b
372,L23_V005,68a99f96b7830e691e4d5bca832e1e0f4166cd9236cc81c0b9245aa17a1ede7e
373,L25_V066,68c8fafbbb76c5319a815cb1c0cc1466d8baa6f226718b755d11e4ffcfe8c89e
374,L25_V040,68d372c041463378d75da43ab4a4a9d7e80d3285fe83b4ba06da3a9797d94c4c
375,L21_V002,690c9f3a6ffd2826934a96100f694b7ab8833a88f0d1b04fd7ed1edba76c14d3
376,L30_V001,6935fd6f0b7de4b2e26655272f2e2b185726c802921638c62c8d2066c484cd80
377,L22_V020,697ede0e163a8a5a75326e9e0391d2a3628692a32d0924bdbc0fd58ba255eb10
378,L30_V066,6a8dec45221513290a29bfbe2ad8e02a8cd0fb6fe6ec10a31ab9f7e64ca66951
379,L29_V008,6abe50d172ed6552fb2d1f076554d530e37a1ac5a413b99af3a4d8667be64148
380,L24_V032,6adf4f464e06ac0de8157de72bb7807c9cd760b5bbb82b506c2c08ca1f97dc05
381,L26_V330,6bb8860d5c13972cb276324ab8c95a2b8a8ccf30b09fe2dcc5f24e2b39a10c6b
382,L26_V208,6c214ad784846ed9b1e7f583fbde626c12746f7151e2a9405512901811737868
383,L30_V067,6c45005baa3ad7e21342b0455cc8bc93f558061320c9771c5f97f2b893db1667
384,L30_V043,6cadbd584676ef3948e44f603f8e8300142412719203d5a9ec999bb069190734
385,L22_V021,6ce3a47204370ca885d3b91b160d990d54832a1d2fc91aac72125c54f35252ee
386,L26_V039,6d87662ca98fdc99d3a2bddcc4a3d61c72a34e472a6153fe4e467c0b33826e2f
387,L21_V018,6dfd90cf4aa0ac5f97584a8484cc298d6cc7fd35c3f95802e0a70f40f763ee9b
388,L26_V025,6dfdcd95f296a241e4b427b8773a66cc0666a008d8191e493dfd0e8cd5eb7106
389,L26_V001,6e2b2fe37a549ae8c2346ae4d3f02fac672643f87b02df7db7a7af20cc15abcb
390,L30_V048,6e46b84b4ed03b310fd71113dfc6808e6920764e94646f6da9fa3e9fbdbf17b0
391,L26_V112,6e8014dc93f158db498102b33e17dbdcd2c341e23d0e3116adde4dbd9991ad95
392,L26_V498,6ea8a6c6a9ae7b3ee46d748b0bb2a3b37693d1713bca07de48de32434e023761
393,L26_V493,6f6a9b6b31bbdb207159509a10857e594a626cda727f6cfa4dcf7be81c19d714
394,L26_V058,6fae3f449372d97095316a90344508ed137c1e8dcc3e4e15197b0811433922df
395,L26_V324,701b3368b71a55b904eb63c2614ad08ab36867b8ab0c12db9a4185835afd0a54
396,L23_V011,7035183d240f23fc047385be6618dd11035a5fe706ca7513fc9e541bc5d491d0
397,L22_V012,7044367bff6d76d02124230dc6ceb55436982ebc52d50f88fa5e80726a67517f
398,L24_V012,704b2c3205c6252c342a3eba8f3ede36ec613eb338b26799cf09860146747fdb
399,L28_V005,705ff8c5d3da15b77da676b92afdd5b47ffec9922ce2290e91e9b98d75f64e67
400,L30_V073,7112b961433e8ff97e51dc88d57aca25aa7d14d22e0086c5da807fca85d42b5b
401,L26_V409,712698367e7f99e48e70c80d5abac4eca33480847dbeb894ea88e50a3f40d814
402,L23_V018,71f50fd1e6b0e24e67a580faa083ab20979069a0b37a9b9a15927b1ed55b238b
403,L26_V342,72bbed43b924d39b4d89d1d1c1da79d5a5f332fa741751c7ab4494fcc19f5cc1
404,L24_V037,72e4645214ef462999a9389888eff521c7570520788745957170b46fc781338f
405,L25_V072,735c9831bf60e1b7f5eea81305dbdfd35d6ff5d9e13f3f44eb5aab35b6d768b0
406,L26_V168,73b4d71f8637610c06e0f10a5c697a73babb2cccae32b8dc59545b1471e4d7ce
407,L21_V003,74f656c1e3ed60ded2bf621141885f68876a2698a4badddfeb58ad2f042184da
408,L26_V110,75f01655c6270fe8644d6103409933de1572899f658f5a5bb7c558a7a47244d5
409,L21_V007,75f6bf3cc9a9acc9923f3266c98c43dbb473c3bfa036d6180860614014ceb606
410,L26_V425,768d16e378a8edc4b1a4789db5bce7ccd56557baa050c4017d3fd2ab42b01667
411,L30_V056,768dd5b0cf28c01adbd8ed907d097f7e0ca6c5a2daa66371a2b33d697890d8d8
412,L26_V416,76901043cf5a96c3b54f44980bf370233ee328da0d0718ca5076a988c8c60356
413,L21_V012,76f955cc094ba7a34b2d71088dcf0bdd9bb879537fceefe062ed613e03b8dc9e
414,L29_V012,77621b277595886bbf4362ec3b5dc3bf10759ded45600764d607141d4fe8b9b3
415,L26_V424,779bba6ee68c5ea0e3274c7221d7e45d61e884ab8fbb44dfed83231ef51d8197
416,L26_V184,77de926db1e6bb42d3c904414257f30742e378831993db9f2323eb9680f631e1
417,L26_V348,781232b01d824db0f19ea294f7b1d4eb8aeb9b92d1e06da6fbc1d008030fcbdf
418,L26_V301,78310059b7b26c22558f7a9d7c41fa2e052eeb390db66f4f0becf1f6add3b9c5
419,L26_V190,784026f69e9542fa17b23f45707595be212a0fdc1b2afadf3319b5a75deeff95
420,L26_V135,78bec79956a096813a8bd626268384f1306de3e4e20096f86993ea02b9631d06
421,L26_V059,78cabdc7174411a97dfb676144b78a037dadbb606c67e6be81360c6839410b0f
422,L26_V240,7935681f1830e68b8a83f706deb1fddcc73ac87062908b1a2efdef76a577ac68
423,L24_V040,79385d19e684d40466093379035868411a9a047fee75065eede62ecaac43ecf4
424,L26_V287,795f594ccc97fd9b7092b2be123e6855cba6635f8e3ca4bc547b8e6b094987d2
425,L25_V048,79b1c23e2f8895029c49e591465f3d73722432838e88120c1606aa719453eb86
426,L26_V075,7a1f4089f01a23f94d89a9d67734f1fec1955a14756d0d8549d565823233ec74
427,L26_V466,7a6b19cdaa17297553e82a6a8a0cc00a2b2a77b86ab39cd6f29dd6629cf993f6
428,L25_V081,7a9178b54963a95f8a6dae4b35199d75b76d68ecf254bfe4592c47026a35539b
429,L26_V183,7ab0008f063830a450bcded3ab854c150eb210b4b4be93f0fd4e0511033723a8
430,L30_V096,7af1078b960b2137a404c0bb72bcfb3b31d153b106d21db70c3bce61ada1cd06
431,L30_V092,7af273eb30f5510b64c9488d1626f1c98096ed53e7fe6871cffe8df32e835211
432,L26_V449,7b3ec2b201f2361b424b1ee305a6413293156aee6a0b0b5177f85b95ff8717cd
433,L26_V338,7b725e4a59174a99cf6f90e06b19e8e4fe7dd5061ad05785b057235a62f43cd7
434,L26_V299,7c33af514678e6bd1600875a3365f90f0fdda183804510be590577005f6cc39e
435,L25_V035,7c603171e92d2725df5b427e349ab94fb2dcfacd61aac609e84725c1b39401ff
436,L26_V082,7c79070657df59bf6e5da2401f666ea625a8ba5322fb6ff5fc2c76aafb1ab0ae
437,L26_V047,7cd3b6a6135701e46260b13f498e5bfd173aa890a24cd41783b7073450dcb507
438,L26_V360,7cfbd58977eabbd7c54318851a421c6302e7d55c53a5c225dfac66b7133a7a1a
439,L25_V075,7d6aa179d40b8c825a823ec5c86d6412a5d4f546707a49f483e113cb6856b0b1
440,L26_V160,7de9a78291087f0d2efe57dc3630a0a1a1384afb7a2f50d63e04dc3fa43b7d5d
441,L30_V038,7ebb32bde707b7182a6ea8e207b7c83c04fb2d1c8c3088e42e3d05a58904f828
442,L24_V029,7f39b074ab0f05cd570cd776dd987453e00af2966d365647da213b359a696345
443,L30_V028,7f42aeb5ceb936dffdd32b4e3313e1ad8c74e4d969dcbd2065fe02ba330fc6dc
444,L30_V071,7fd6759de772ebdbeb206f0319b2f83bf7f04aaf98e69804478965033b486bb3
445,L26_V216,8003ad0bc232a3c22cf121bfbf9de0f6d87fbd621f30b5c3c34806b97ffd30df
446,L26_V336,805d4ee1987cdcfd5561f734cfe601b685c7180f3bc8ffb04838e9b9a0ce8caf
447,L26_V140,81059247c74afdc6a9aa9f343dc138b49241f4b50fea268810bfb06a82b5618f
448,L26_V074,81134e853a7f718438c2b10630da4a3326b5dbf2202fc86224d618248c291e9c
449,L25_V033,816e44e1f869a7a78be3358ad53567d7d3df5a2cb79ee11edc0749423f39dbcd
450,L23_V021,81892085f990dccc7094456abd92ac9c3871574b27e1d9e24c51dcb5af559ba9
451,L26_V169,81a84ddfc4e4de8708252a53af8cc394474bfbc2844b4afc01575f96b61bd209
452,L26_V091,81f3fce83c5ab2903fa32f2f85356c43e0a54659fe91113b3b89a868b8e16f59
453,L26_V124,828d3f0457d5141ca118aad094e9dbd2d275150a8d1811f242b6992005c22ad9
454,L24_V027,82bf5432d8230a947d7c4657a23a5fdd8a6b595f64a067abc2f60e65097c9e42
455,L26_V015,82d2bc2f08f0c5c8de22b70c04d314a6419a7e3063eaef09c62f0b5f1747b1b3
456,L26_V443,83167175fa41ade2d7ccdc61991dd6b7c4174df22e5fb28dc8f3758aa98dbaf0
457,L22_V028,837c4086114d2e3c0c1a984ef8fff5982461601214fe9aee7fd01de2a7b7b2fa
458,L22_V013,83ac641b14a22c4fb4631a94e43b05ef3d231371baf6ff1a3f8f40dc2c516b68
459,L26_V159,83d4e032e312ba46b889ae630d3d515f7ca528ecbb4241344c2aa11e534345c5
460,L26_V186,844941e3f90456e7d6b922be8949d3a07fa105d1d1cc279c137ee7f4db0e099e
461,L26_V230,84c947bffd5c60dfe2cf487ca3b4fb157bc6eb2bba00ae7b8c9aeb0d63783e02
462,L25_V083,8503f76dbb3055770a66871192887c9ce9285afef10c631b90e275e928758a7d
463,L25_V006,855cf7f1299b142640fb314d9b1cc0dfe39e23f7813a81c6d52a820c6bcc9858
464,L24_V002,85876b7ce3951d623f29bc1ab64b5308b9b89ef33ae17bc655774bff66f9d760
465,L30_V008,85ecf6d7eb723743536cd1ecbd652b11643337b8a2668d58fc98d8ecb0cdfc55
466,L26_V298,85f9feef9f4bd217f76d9041adcdc6d2a1b017ee23f943c32c9c3208416e7e75
467,L26_V447,861d0b56eecd48689cbe01a7312fb56cc6a2ebefcd644a673a34ba162f653bae
468,L25_V070,866a93d68096f02b69a3d5b15e5968bb471acdb3026f6dea4b4a56e09ed4047e
469,L26_V098,870a736c0dca1a280cca2246330d2087078629b576619d007906b4b2fd6aec4f
470,L26_V343,87660602c6158fd70ff9ca8541660429d012bb999c97c5adfbfb139bbe017662
471,L26_V483,87a53038ec73d32004cfbf55165b9e3a4e49a13ae1dca8bc09aafb23a3833465
472,L26_V120,87afe9d601df97c2a41d38e6b68a8533b340e2cbeb10b0b8ccf3478014fdaa72
473,L27_V016,87b2c5f69da8e6246d129d442c96a5724c784b05a6f8f3b31df7f46529527768
474,L26_V215,87b43769f5e21db078569b29c0678c036af6acc612304b55cb74c01e71dbfb69
475,L26_V004,87bd8ebe68778337c2479dca565ca911fadce450da9f0d09ca5a9b76324f86ed
476,L22_V014,87e050b6f39c7ba1be5928447ab1f0e7459ef469783b4572a516447049fd5715
477,L26_V243,8830bc983987bd3bf0f20ff864f90aac507997feea94a0924af41db943bf5e8a
478,L25_V062,8882a5df4e3c52f4cbe251e72047f1982d37395ca9e228e591cadf65f5737166
479,L26_V453,88bac9e7eb2dd9f32d7b3e114c7ad209b1ec131978b46b23085fc4d5118d1447
480,L30_V004,88e8b76a24fea5dfa5e4beb0c33419802b05af182122337ef7bb01556a6def45
481,L26_V201,88f391964c9075e1a8dc67064cd18a45a4bd1f31a4bb54c7f2425b5498f4780d
482,L29_V009,8987a119242686cf2cbf0d5b360ffb305c2fa7397274b14ea6540152f19dff86
483,L26_V093,8a23ef023788dce087fade81bd42e5ae83f27f9b087705ae9161e71959553d49
484,L24_V026,8a275ae6942f9c02fa4826d81a723e8778745c6b23a287c71cd2669eb61330a7
485,L26_V414,8ae0526a29550ce2b0231ad8d4b249ae1852359f26194fb40cd8e53f9ce34062
486,L26_V319,8af6a36224a1e4431af86f2a4fbf1202d192a749d61d5cfe62440703ebb7cea1
487,L30_V010,8b3237417bec34e6912c4062b91dca9b21ad20f7524ff87fcd1e4918a0b2f91b
488,L28_V008,8b36377f46a2b3c1461e60c87b0f45635abfb8363e377a86c5d5e4b433c41522
489,L26_V022,8b76beb259d8433b05328801eb54f51ae11d0c6b83e2e1f1e33f88cc106f614b
490,L26_V347,8b7989cfe8a091904026b2a565a2b218a9bc3e55091a99003096fc1476dd8c66
491,L24_V016,8b8fa94d1b81aaa8287753e3bdc7744ab9f51954275dc04530c1eff5565f1b84
492,L28_V009,8c152c8837e0529e064263273eccc8e077a0bfc7e4d836318bb93fdb16786d8b
493,L22_V001,8c27336564bd677321b02b3a7267d85b80f16617dae90cfc1ff482a30161212e
494,L26_V045,8c2d956faf59bb0c4e4bde4651e34a8c327ca38670839083482d76f27d123e5f
495,L30_V091,8c341edd155eba716f653f4dcb19c4e20ac39eeb2ad2dc2fd115c3c3ae4bc996
496,L26_V304,8cb5df93a11c5c363a6685c02a91904f904d552cd55fc87b13f3a1de02c84c27
497,L30_V058,8ce1d81345f1eb08fbcd5b18d5781af96df3a3ecc66db7191a9b9d6e4a7bff26
498,L26_V391,8cfce05de48c1e3eecb8c6e7e76640540cae30fd1b405365368b92d72b606771
499,L23_V019,8d170bdbab882edea389ab4776d6197e5855a72ae52555d2a6c1b3e2a471a75c
500,L26_V427,8d2320092bf76dc23c895f4b63a54c9927876f78a594495a6e9d789f8052b1ce
501,L26_V221,8d9157a3fa4fcbbaad32fe022051ceacff5ebc42b4e059a82535f4ad9aa8d65e
502,L26_V236,8dc4cf00d59516e26b76e70a24e417377c17bce1c761f77d4232324ba469ffba
503,L30_V006,8e07f0722065da9f205905f26f57593a9aae838ee82b4aeb2f22604e413dc2bc
504,L26_V144,8eb1bbdeb1426ed582c349816cb1319c2c840f791a61526f8587fa9aae392af7
505,L27_V009,8f2827dce74e39ccdb47ceeb94a869b7d892fd3b493ecc1a8c67242571bf90a3
506,L29_V019,8f54c950656e07e1c3c5d8f0b05e93349b6ae920f520aa8400e40335f773f41b
507,L26_V032,8f7cd0cebbde9516719044a1190d5d4ff77019a07ed7423fca7d4d8aa3187af8
508,L26_V138,8f9949e25f1d9a44fe2d699f54f2db9be33350be33437465d3d287d7368d30c3
509,L26_V052,8febc1732ae660937c1ba00cd308f20fb0b3dd7c49c61d5295be072a261e046c
510,L30_V002,906c3290e6e9c42b47e8abcf3708586edfb2060c4afbf2fee66be03b08db90f9
511,L26_V244,9091348cd0332b22672687fa008eed5eac8d8de7de3431fadc3866a4ba153d62
512,L25_V013,90ae6afeef8866fb3dd2dded85b427045bd2b2ab329b70187d5579dafd90f869
513,L30_V027,910268f7fda5fc8222deec589ce14a4ef0b8935439f2a929b1ba7b29d3b771ea
514,L26_V481,912b9e99f2bf9f33f7e70a2013853ca1bd15206fe6198fbea1eb5a7d5304927e
515,L26_V341,9139da61f0996db0d8e5d1bd372773767eb9b9b4a635cc33fad1e77d249e242f
516,L28_V010,9143fb40859a9744919cacba4a22b575d4c9baf29f204c9f24a15117effb432d
517,L30_V090,9254a6332c1de2af0dad6d8596ed8a3bbdbd7719f1719bc78e15cb6cd2e41a1e
518,L26_V284,925d2e254f2f04f3a12d639c9f0514d2999ad50fcd2c5acd99b32bde6b030629
519,L26_V275,92ab7e44d1a50646e6c4fb13bd4dd3bf0b362c8988751f81bc5e595aa8e66785
520,L26_V458,92b502791f2e40b5739c93fc59175fe091f641365d03b6e8be0404c89b6b6025
521,L29_V013,92f6a7adfe4e664458dcebd142c9417aad517fecf6e476e7a9a174718bb23480
522,L22_V004,935472f5ffd463b9e8ccdc21cb091ca2f0af1c3e57a05f63273619f367ab0e7c
523,L24_V033,9364e085da055592f5fcfca2b777dd798ba5a050bdf82030e5080471b8f80642
524,L24_V039,93815a12c7c0c407bcbdf7cb984f98d0ed4c2a9b0ad5d7331673178b99bdb0f6
525,L27_V006,93cc075d22519ac3ae829cfa32d4dfcb446bdbaa4f9045b8e8d74e8c95e2176d
526,L25_V030,93dd5993490f13833f227e6d4d77ce4879d92eb0d6fc16dde0ac6800ed7c3ce6
527,L26_V212,93e9507660f235c269340b017b1dc0713fc7dd817c6d6baa5248be1bfa9c86a4
528,L26_V034,9433f5843375c9046323d91e1a62a0220f908dcb2289aba8841a533506704a04
529,L23_V007,949fe896d2db5f4ef052456c8d6b29a2338e60f77cb48237fb16680070a17531
530,L26_V226,94ad6b6ecb5408b8327ec4d2c03a31ec3f59e87789b9d111a18013179d729d80
531,L26_V487,94fc9497126685e87bec7c63ecb8bce2b5a0c905990c821364de83437f97b573
532,L26_V048,9511fe2e7ff36ddaac97e0a8ec80e7e414b8d2780e677d17ca61cd35e445f85e
533,L25_V038,95551d6964c68a598e60f465de55c5cb6594046319b61e80449f95f5f5b60842
534,L26_V064,95a082ef77a142335af9305d15a67217eea7b42346141e8fbe58332d47aa6b73
535,L22_V015,95a6604f61878a56c3cdcb005aed5d0de3c971550d3ea001de14341db725a939
536,L28_V011,95ea2d78fca2a49a8957b05ae071f16faf21ab8a3fe7b43ff404f376ea4cf657
537,L26_V451,9626d6e7ee4b775655eadb944db7d6511d17e75358363c20a6e5f1ffffc2870a
538,L26_V200,96cc11725b09af28c265b5151244531f9a22af2d5a37d452c0d66b6319f44f59
539,L26_V114,96df0565362a4dd12f84296fd5a50f324482aa22a98cb96391fdc51ed44cd28b
540,L25_V076,972aff87d0166db375152323f35b535d4ecdd1ce20ee06204f396d91c282e5fe
541,L25_V071,979af316ec098cdd4a4c755e744bfcce33130d77798d498867471b925f6a8742
542,L26_V350,97c3789786aa2e2e436897581e482f0ef91d6c1e2254688a54396e1b0a859969
543,L28_V024,97ca9340fac963d538fce597466630ff518da3c8daeb428be0053cb607888fd8
544,L29_V011,980e0b348068c2e9a565e7109667c035304aa4dcb83fd0f73731a5ff9f3a03ef
545,L26_V363,9882c9bddbab9c61659b4bda686a8b344747a487cc79284d68bae2cd13989ae3
546,L26_V051,988bb4ec78151743f8015a9d31835cd24a95cb47eac40685a23f94bff49fa37b
547,L26_V340,9a13ba5ee5a69f831b2c00934b44c5d86af2683789be458cb51b8e0624371c7e
548,L26_V423,9a47bce40ef227a7713e2d008c17f362c63b2a8779fe93f7197650cd861ffa50
549,L26_V300,9b0fb4a74aba96ecf19f5fe9043d238b15e282659888020cf294228dd06a53e8
550,L26_V475,9b69b5fabedf15c7d7b4a96d206c474c00397162698297efb2450b96f210272c
551,L26_V273,9b753dcb45f32e703d0e70ab5dfc3bc8b281908a95e9f84d4efaf834038fd936
552,L26_V148,9b79ed9ef441131876caefe635fd014dc822241787e71dfb6f53af2e785f42e3
553,L26_V107,9b93dd3d6f2f3176a02ede2b26637900b7e2d2fa1a715e6f8a008a290edc3744
554,L26_V018,9caf21f2ee0a462ea35375136b1b1d8019b473c9f4ea8359247523a52c1792b2
555,L29_V020,9cb06b5ca8d57f78aa18d88d349b5f639aabea183da34a460c27d0ef987c3582
556,L26_V386,9cbbb1e038920f94f212f861daf20733a1c7f9b9eed3d0c89f64c52951d55166
557,L26_V295,9cd700a15da83b774d3efe27ea0728f9ab3851f92bd88724d8e66dfcb7e26f88
558,L26_V436,9cd8a1a79928e18a34abaa386d173835483991dde95d394de4cdd4087e18089e
559,L26_V073,9cf307f53fcdfeed6d515b053f8281947102faca4e8eb5c820a03001e559565b
560,L30_V016,9d1c086de1ce468b934c6e8460ffc092e4e0344eee7550fc10d4f979052aaea8
561,L26_V254,9d4745c4665b551112b2ed638bb5978f7effcaba94cb7c47c136cfeaaf9d1cf6
562,L26_V044,9d5849d9e991ba51ad2e5925f81bbcf5f007b4387a1988b49270a45ddfbb1db7
563,L25_V057,9d5ebd250c9ac3c5d9e65cdd435ffe5d620e8cb30658987df82c0beb6776ce4c
564,L25_V027,9db1a7575d0a49b1c54b88ba8661528ed04aafd729fa1c62e1789b22e974b36b
565,L26_V194,9de06bfa19842449604378b9b783029309efcaa50da2d6d841505cc4eafd2d91
566,L25_V073,9e1a8f57b82468a1092fcbabbaf6bf5c6bd44ec6dacff45e18048bc466529dc7
567,L26_V288,9e3bd3d66769e91306e5789a2fa6e7d0febfbcabca8a6675c551cd4b8c359194
568,L26_V156,9e91fbf2f19332f502a77928fd7803ec65b10bfc622b98f04f7c9b2381f4b7db
569,L25_V068,9f3b92491c4261731716703a231dc082eb7b495b2220640d0d210ad6504cb798
570,L30_V054,9f7625134079c43d4343d3c65e9b98223e3fadd0b46ea5c80d75bf1a7cf9d599
571,L24_V023,9fb96e07b7dd96a810d17585d72d55074aca5b476143d9aa2cd6b4b92f15df93
572,L26_V315,9fdcc0cc215100a9d70e88cba102dcc7634d3acf9035754688b9846ef416a85b
573,L26_V177,a02ff40545dd11dc60d8aae0895464cfffc394f72a53835787cd2d07346a92f7
574,L26_V471,a0664fefc4595450ab5e682fa88920157666fcac28bd64e278e6700d4c233d28
575,L25_V055,a087d0d439fc8edbd887f11d2cce42f740c0fb33fefc179ad54e5e5a89c2bcd7
576,L26_V468,a0ae404b2fb36a6ff43091d0e9603b7ae8e1576dfeb0a31e3128e51f04a6867a
577,L26_V132,a10f5be90311e8d4b6cac9380ba407e3f6d8d4e53c8aa3e05bf56126855177c0
578,L26_V080,a11c849257bdfd47c6d14c4c54e4db69ded4762f579855808f92615774fbb7d0
579,L26_V442,a1523fdf2e905ff5d991e631a41e113b289a530297db45fe41ec3fb17aebdd2a
580,L30_V049,a154b8e41aac29a21c078645bb5d5590d9f673affebb5d60274466850e0caef9
581,L26_V255,a162ca06858fd92e1f6d1369b73bc6e1a5e50dc3dc84b7827c421289715dd9f0
582,L26_V395,a1b6b51886a12c60f3e25d6b91283b3840ce5c5a13d116a3f38bcfb2e2c0c66d
583,L22_V005,a1bdabc2cd2bba110201279d9701110bd2e5e32870b9893b3ade577b0e80ab87
584,L26_V219,a1d5a5dda8251b47f99de3e2d7796e885f5a49e938d33095e3b00dd167d3ed79
585,L24_V030,a24f8b54d266fee57a5c2b3cc61d2bc92ea501d93a76fe21f1c13a15871ceed1
586,L26_V378,a2bda216a4d347e52a8ab1dd0c6b5d0bab016ff0c6e41558947c878478f2c72f
587,L26_V006,a359d19a611d4ec5dfa5b12d2e4505d9123849fbeb77df86f9f30d5886cc5b6e
588,L26_V311,a40ba0bb11f0ae19f697174ec6185918e5c95232a02edb1d601c350637190bc6
589,L26_V237,a42d5fa1ddc96737207ff07732a40f0380e97e8dd0b48b752e98ff36e1fc9f3c
590,L28_V002,a4bb98096b416f9db9089d38a89af018aa36957fcc13194582f1e899c770809d
591,L26_V101,a5ec05002ab55186a5bf8780dcba7bcfd8089ae9b7c2d922871fce1d0abf5b5a
592,L22_V010,a6a6c845db96810e33130d65779888140a0692bca556bf6ccb7906ba6a1a2ff2
593,L26_V016,a74fb3c58841334c80da700a048002f5b272a5acab89182dd8806fa5474ec16e
594,L27_V007,a75c924f93b6ba644913d3cee7e4dff9164e23e2890b10515bd7e1b84e32a20f
595,L26_V410,a7965b3f8dcc1e402a333dbbec324acd0d4b34da20daf2f2c775007ea782b7a4
596,L26_V041,a7f44b9710882a6517cc41fc46725b31037358dbde13f0e53b75f0e804add98a
597,L26_V036,a81321abd955caa353a88ab5864b65a22d4147db33c91f31ca9a32d155350b04
598,L27_V002,a81db28f3c66b9fec052ed7a70edffa65787e2f98012ac5e212496045f0c26c5
599,L24_V020,a8cbef5b31eb5f95a8ee6bb86e20cb725855cc498b00cf84d4a843f4db100b3c
600,L30_V005,a8f2c5ef425313e0e4aa119f5e0536bd210cc95ec2abc98c4e0a8c4470161fbe
601,L26_V043,a9a3cbf47029ac8f573528e12be47620a3778819d08f211395d2017a284d13cc
602,L26_V057,a9c65e9319e9c754433bf0f87c6e00a94692e590417abee3216abd0442bee720
603,L26_V205,a9da2528b80193e52ad71d26a433b223fa8fd9d01c5249eba377d3529d75b89f
604,L26_V452,a9dccd940fb1fc55056dbabd4bfcee99175a64b568cf32eab59f434a6f1d3690
605,L26_V400,a9e45637c862c31f4b2d6530cd688fbed18422483d7a0a70e28c08a68edde591
606,L26_V404,aa4c61237bf5a16c13633da0b7b08bedce2dbf94c80386272864823c986e257d
607,L30_V018,aa763efd1d4752c0cbcb6d899a1f11c9efbdb6c0087e95d62182672ced99a7c1
608,L24_V005,aaa8cef44d28de65de6c69d0b2d729c1f3ec4ab648434140abc9cd0589748b07
609,L26_V181,ab65bbc337572eea5931d04cb8057ec4c874a01fe726901d5f79a8052620bf50
610,L26_V491,ab8b6bf7ae4d5ed71343305b3b49e51183c1f799a2174a989b46011d1e16edc3
611,L25_V042,ad16e05171d6fca879a06e6cfe95459f1581c46cf8ea8d64f30e1ce0d80cc1d0
612,L26_V151,ad5e2aa081f051c76335a462de3e98e97c4b4a8ef0c8685962978a75b863433e
613,L24_V006,adafca5d36d5885e861276680c16e1b9a48ce4cc95c9e13d7415910bc0fd57ee
614,L26_V412,adba43321d314c014b1a5f8c42efe166b9fc8538955db52c84aba15694e75ab4
615,L26_V167,ae0412181a0e65c61a5aa8822c7e2f68f5992cfc491da8e5db4b7fda8f3a84c7
616,L26_V358,ae4fe0616abacac362de4a727843c1ee8b932e1e4fb16f13c3de97105befb407
617,L26_V079,ae80f883579e7b5093bc78359c6034b5cd659be2d561f28e94266c73ce26e0fd
618,L23_V020,ae83bc65bf80405dd14e44d5623f099b7e0b35d4483dd0b12606c464be6981a7
619,L26_V202,b0025ecc09a44dfc74f016b44fa81ddb05aafa746c09a721bf43e0fbdb96fd77
620,L26_V306,b00ac9bfe4d739e950ced5c88a346e6d6945196137512dfbf3be7a39fe8c5560
621,L24_V018,b1a4a498385070b56b10310082ceaaf3fe89c326c656040b0d85524cc731adca
622,L25_V025,b1e81845ba8fa8e0200c508198b2565012938a01cc55b128b7983b130d666a79
623,L26_V489,b2fe46a10dbf03121645ccaeb0f136e51d9c970867b39b20f7efc6405684d238
624,L26_V008,b31dc4da61f7a9beaef6a74f6ff9d89450d8938af1befae2be8f0b6df7e27753
625,L22_V017,b35a705c602ac2d6c11144f8f5017e7934682d20cebec9a3c8dc3c126fd81107
626,L26_V325,b35d2d529d221e46159e62acd27ec8f859dd18c99d4fa8088d98fd88f0dd20af
627,L30_V045,b46a18c69695eab95b67c1292ef3d94ff7d03323a667f523c5b14f737ebdd259
628,L25_V074,b4cdb00d2b42b8509a04d91d601ae7b529433083eea49c5a7c1881f7f65b6146
629,L26_V469,b52fffaec7426b36451ec2e740793148dd3e25f9a183846f70098b0435d3dd26
630,L26_V180,b54bcdf373ea8cf6b3e8479ec50ece38fc4fdbfb41ed3f60e55c1e4c8ccf2cae
631,L26_V462,b589993f36b076bb9dd480f896d121e01d2322cfa51864559a683543583ba658
632,L26_V191,b5e7c0c1e56e9e9059e3bf5937633c1bdd713fdee97414bbc7f3712e20397af3
633,L28_V018,b6258d55e298c223ac3c9f29d6af4dbdbcafd1238e443a9925fb1397a118dc39
634,L24_V013,b694c3e42e1e6a5b94564a70067e0de7c1486998d7afc2eea0272656ab5269f4
635,L26_V152,b746cb5cb518c50203c6d45bf585d5ff57e7c04bb7afa9ec2f16b8e4524d2cab
636,L25_V046,b770c4717a77f0b5426b9380941a5a4a78cff550fef6eafe7d77cb959bc68912
637,L23_V014,b7df294eeed69f46271bc4a44755e872b60180e0e915e0aaccfb82e49e697115
638,L30_V053,b826559d41a8774d200b1dbc6aafd831bd14931b0452ac4ae4f19bbb6895fbbb
639,L30_V081,b83d324cf2fa250ea5d20fed0930f9f33e1d132b0b20246af749fa60de9e2f9e
640,L26_V234,b8e2e12e320f56c9d511e5f305819547f1b78f2c816f4d537ea5b9594261155c
641,L25_V021,b91658bfcb1b36fe5af23c9b45e7fb869f63b76f00a60067375dde438a0a2d1f
642,L25_V028,ba9395bd51be8eaa2e9ab616152bc14d3ff548e6bbd86ee643a2fec26289b643
643,L26_V374,baad58126030cc3415ead6cc555b48b1de2104ae6a492170b30f3bd05639f282
644,L21_V008,bab0438c0325f96e1431b1740549e9b7239bda7d27b66a2ab567a8260f22f206
645,L25_V011,bad747c1a482c621cb3356de8025289f5eb158cc795720e375c31aa98a2586e7
646,L26_V117,bb397660aea6d33bd7065fb60c2ee336be7e36bbe393b4ee1d3b995044e35d02
647,L26_V435,bba6c83bdee74fb16bd7f49838476593548d9dbad8c2833efcfc833f6f3e417b
648,L25_V069,bbf3b5cf590777f1292d0e4027f243f98471e75c7247fffcb0c2dda2294d8644
649,L26_V142,bc1a372b08c51e18d2aa52bb97fb576707ecee603fdf3c19adb4d102fcb3e8dd
650,L26_V472,bcc33a87ab2ef1fda2278827d7268511e632c8b6fee399b9595aedadc41679d2
651,L26_V213,bd9dca62b2084489c800f11d1454ec0bd6d2b4751f311cbf0bab86186ceb1305
652,L26_V134,bd9eb915f48742fc04fca2a4a724bf620f20f57a447e891377d4f6dd076c74f1
653,L30_V083,bdbe8dfd03bdcb9a4155973d3f07c2b92ef648ae85ca38c498db04ee47a4e97f
654,L26_V421,be48237dc772e303448fe2fe82600484238c329826ccd0f4306ac52a640e0d23
655,L26_V437,be610b55a102c875618185544aa1e3877fb38caf7cd12eb194266ba420d1492c
656,L26_V040,beb65fc048e23ebb4b8d3da6556618aea62ad363d6d4fc4603d3dca8b7957665
657,L27_V004,bebe876bbf1ff6ce24b50e1664440b5932dda32be146fbdd4e1b4becec51d078
658,L26_V418,bee3c990d84b9e411650389e1c4b29e0329c9b68a5d51712621f1a3eded954c1
659,L26_V090,bf2cee273c847ef343570a45494cb52535120ce25b23836768a2c015437ddf4c
660,L26_V088,bf8a8b3f57a771e63af55206508a8648f41f5f12722f0165464a37bea23d3de1
661,L26_V486,bf8d02c3b79059faeb2bf7c2e1ecadce5d7938237b880a042601de894fe211d8
662,L24_V045,c0816d38dee9c2c4c31153b14d61e2092074506a56e2adec91187940a40bf591
663,L25_V012,c09566c124ab8b22c37a7fe31c31d3a7e1ff26c130d9823430d042f0e135b191
664,L21_V014,c0f3641472d44c07f50bcd420327bd52511aea4619a9f6f9c09950cc6777e07e
665,L26_V419,c11fb08293afe7bfb856f9b9a0d3159af3f4fac2b58dc5c10c0d05ef15bf4ca6
666,L29_V014,c13e2cb70bd8b8fc593c510aa5e2d5d0722c8d88f11c36b3e4cd877a73c1851f
667,L23_V022,c1adc9a3076c9aa68ed38a045c00c0b657cde3e4821f69ebabbd719e9ca72995
668,L26_V322,c1d37ed1043b61628df70fdd6db6b445ae31eb11aeb9cc0b75e8684b4b37ec3b
669,L30_V063,c246042159206ac980767a6571135e3dec58825924f5f691a234cad286dd0faf
670,L26_V354,c274e82b00b0d7ce31b72e6256a30c7e1156f588429e6e20c6dd1ef9cc21100e
671,L26_V445,c32ef37d4eafb040b4ce44443fc738838916486ab77c99241f79fa2cf6836fc2
672,L26_V394,c3e742d072d15c6ebc67afa878fc0a8e4814b3e8fd2545864297ece03120cf66
673,L25_V029,c40ec1f59a695aa1f0d7a8ed59c4c4df8924509d926d920b4da7a4eebf993009
674,L26_V485,c44b9413030c5a3a1a9e7b53508c625526d9c98867c69f36f265867eaa1fe0f2
675,L30_V017,c4629d5554c2664170007221188d8a61422bd5f4a5062662f679f6fb46c74d5f
676,L29_V018,c489b3847926fe53cb708411580e3f42d29e461092f1051dfe605dad02a21421
677,L26_V042,c48a9b2e851581f751da5dc2faca870533d8db85867d157156dad465f6043a1f
678,L28_V022,c49037d47964ee2e52e9c22743040f68ca1b2323d0751e5b0ad653be21f78418
679,L25_V019,c4b703651e202213e96379130323d822b96c658d14494eb2ce2f2c3a6037dfae
680,L26_V137,c514af5410b6f4e5170196069c40e09d9689a2fd2bbd159210d73e3c43080f74
681,L26_V005,c51745f315d631e36bee611de679dc03d9b7a87ec050bd9e8702b5987574b0e8
682,L25_V017,c5470c3a9b026c09396aab91ef548b245706a815371ad488ffcdd45c74c889d1
683,L26_V332,c589c56ee8445293af821817a57cdd47a6640a9d0e17fba74709388cfd299965
684,L28_V019,c5c88e9b506a45d091101445fe8b69e45db278e4ff2fcaa99c974c01b86ac9fb
685,L25_V002,c6173f31704373fbd938b79119fbbddd0b57e26946dd7cb8f719aa8e6f66399a
686,L30_V034,c62a635c1095ea907c61be949898aae2bcf926dfeaca314c204abc8bfb368a0c
687,L23_V015,c64dfa64d50334155b12e6b3151fcebedd025817d2fc9364d6b1d0e5e5a59693
688,L26_V146,c68f209b60eb45ae05a5a4c2901f1761e9354e90a5d786a76a4a3507a5fbed3a
689,L26_V454,c7a41b732003b9c5d0d9acaa9f7ec83a87331fc6982c05f5e828584ac647dca3
690,L26_V366,c7bf4ed93ed56cf2b6a8025c14cdd0942be923e2709253e0295bb732b331140d
691,L26_V368,c7cf61f923b963c238c63e8d569d4abb3a2c77c4e4878befe899d67648390a76
692,L30_V078,c7df41bd3f65a4e9edd6bffce5909a0edbaf49179b1efe00c489d0de44972846
693,L26_V250,c7f5b137f9da8f1d5f9580c829c46718b09648421dc3c59d384fcf9af6f24a78
694,L26_V102,c81fb9c15ca54c4cc470fa14f7fb89009ba347b45a1db67583923ba696838361
695,L22_V023,c8afca6ac23df32c1f88c688b8e1460f7af1e3433fcbb9620774203e490c072b
696,L26_V038,c946527c6452aa39b802904c06fec6c231146eec08071291ba08ebed5e751edb
697,L26_V399,c982eb4f9b292e438cc2b884bcb5565f5b4c81a15ea370ea7fe46494b3ca898e
698,L26_V371,c98d45b12bc66f00d1b8721092ceca86cc0388c2b6f7a3dad87f13926560cba6
699,L25_V050,c9d4ae388b5fb5b3324feb9aa7fcee92c82957843aeb43d58aa1f9ac3130212c
700,L24_V009,ca0d3a3de048e2423ce0c6b2ed4dcf4948e75550a0ba565c213bfc2466afc0fa
701,L24_V021,caa10b3dffe2fc09fb402f6c7b2c501695f956078a9769c2c0e062efb538e1c6
702,L25_V063,caa4a5bb7ef0285828c693eaf8d6ff455f1669c6218f3ba3e2335f2f26ba48c7
703,L22_V030,cae348f8f5e33e6d228b8bb6671e65c95e5420467dd069bbc79a84d619173213
704,L26_V103,caf55f5375c520eb10fb14978875745cab1ca1753b0bbad0107f28de242c86b7
705,L30_V013,cb0b76f3f35075aac4337a17bd76ff6399560989e69aeffbf5c2c9314cc29580
706,L26_V346,cb5b3345ec4fae0bca96a28953cdc99677ab17fef87682f4f99edee71fb9d468
707,L26_V165,cb777053f9b31b8844c4fbe923b07e00508472bad736529fc9a1a88221573eff
708,L25_V047,cbf466e16dda327f7b3ed6c7f0b2502eacbc1cca174fbb6f78698f02dae428b7
709,L21_V001,cc9114b865820733871adf2dec92fd899e32b2329c69cdb003c140f7c6ba0c9e
710,L26_V136,cca1932628c6a9458cf9f65b7ca47d75b70ea144dce36aed346ac78ba76b4b06
711,L26_V364,cca90005c722f1c98721c878f894851ad940c8c8be681cd5e7f4a90614c45348
712,L26_V125,ccb3d10a280d4ea80790a30f65e49a9e98b814cc818ce2519a8db074f870253f
713,L26_V130,cd51273b49f151420734428e3f38fa32e12a9f0afd685466b7c2dd7656153846
714,L26_V171,cd69b4bc4fbda800c8b611423a11c773bba918b6e4d3b120508dc32210febbd6
715,L26_V384,cdba0508899c92b8f79ce64ae6331cb8cc572d3a724986cc27e71fa579251033
716,L26_V030,cee06e8ee5228429642d190f9cb6b3918fdbff584c97620952a4a1c20b69bf2d
717,L26_V227,cf8430d56f5d08b6512520c0a25c47fc897af4b6fab3f55443fb9e9d093b6be5
718,L26_V185,cfa3ab085bd0ddf4c680fde19ad34cfa55ab4ecde46b20deb1d46161e4123dd5
719,L26_V170,d003ef9bd4df12200e3b53e3613d30babf03d90f24bb4f29ce89212babc54ec2
720,L24_V019,d05228e0752adc443c6df2869a0bb16d40e3c33c109f19d3deab6e39e1f2c403
721,L26_V197,d070d10fedd3065ca0962836c168593c140bd4912d8f8cd9dd7237f4250d6bfb
722,L28_V017,d07763255ea3363c8c577d7ea9a2a376a70dbf8db3399e6a5c3a013bf4b571b7
723,L26_V014,d0d11b8b427ea647d9126aefb7ba257c157064ef68c6e51913aaca6a3915982f
724,L23_V024,d13ccf23ca583ad9f7ff7cf3ec559ad37f482bb97006666ae68f5d24f096426d
725,L22_V025,d14ef3a9d68840dadf52a4705332751ec0e052112b91f10668cbd256fa5c6456
726,L26_V411,d1f0644ed566c199787463a5d105e5ab5e3f0efef51d33afe4ce6abc12d50966
727,L30_V064,d23e3d7905d119165f3dfd8aff56db600424c33f7e3b7c81f95e39bc9b741114
728,L26_V095,d26a0f5439ef4de4889d85b975f10b46a931abce798c7f2f6171eaef7dd8531d
729,L26_V292,d2c856460779993a2cfeed922727e7bc4441e5419b3adc015e32794aafd0302b
730,L25_V082,d34e11308ee2f40d061d2592930c0c805c40927843c49a2fe9c57d19c68ea86c
731,L25_V077,d3b83d76839c74930ca38dd7debc9ad1e657bea8c15e1b58a99850ea5e4d5cd1
732,L26_V393,d4414e8e0f411bc080943361f530855e8316b1290a3c8c4a6d977dce2f2cac04
733,L26_V222,d52b39cbae89a41c81afb34537f36cf3b01be4d0170060817241d6407a9d7504
734,L21_V024,d59bdc8b1bfc6b510f676b02f189aa64f44f532d5838f1c2df1e7bcc7874d886
735,L26_V118,d5a64da18f02b5601763ce6ce42c19eebe5308c395afa11c54f431265d290c0c
736,L26_V099,d5b780d4c7fe785d6ac3c7e12781e9888244a39ce1880591ad93040fd350767d
737,L26_V405,d5d16797110eac2cec1b2eab962e73e7672fcff3524208e68eca590c968ad919
738,L30_V051,d5e196854f4165bb5c5be72916efad3db3ee00cf3688eaf40207689760d574c4
739,L30_V037,d61605cf84ee62e32f398349d83ea1ae531a6b840991e5a877678172a6c8fc9c
740,L26_V009,d6d1a7537ac925ffe7cca4310c38442ef4ede94cc5b2e894dd6cdb9c2ffeed5d
741,L26_V050,d872b2f47a7b4dbce86f9739dd791c0126fb6cf7a6645217c7802e8268bf1206
742,L27_V014,d8f91dce17d4ee8d714195cb658b187a820e3b7a151d1fa7b1e7dc78770c9d84
743,L21_V016,d91bd4f34bf3e92f0418983263e0349334410ffead3dfd9dc1c7ee64075dd701
744,L30_V009,d92e2b87049577a4d8206672ee928716f4a25d3f82e1d61ef959d5e7c1baf419
745,L23_V006,d999af3579901f9d4fd83fa8d7cb8e7468bb879f2968f1b49a30ef5039cc605e
746,L26_V127,d9f8ff687dcd90bc2ca3de6b8898870fbeaaa37914132cba424a793b8c09e65f
747,L26_V085,da998549cd53654c434f22d546488a1a4c61f16fcd4e1c70153105ae45f8e628
748,L26_V017,dad87cfb178b105f0cf48f5e3263e16fcaa1f6369cbd56f5391374730cd92ff4
749,L26_V408,db033f1a66f23a39a28808fd4a8bc335399cd636ffa2e35009d6878ccf2707a3
750,L26_V175,db2732f357c6fb55620d45391a7e08fdaede890f377d34768fbaf2f2a931ec8e
751,L26_V078,db3181517e290d579e7b2e3512015a486b039d33a1e1e266d68defb263e3f05b
752,L30_V068,db8a604637d79b56591e668fc057dafb3d6509d15f86528e509de9c047d24360
753,L26_V465,dbb7cdf617b8e5bfe5e6aa56fe4dd7c4c55a37f6168dbfc9919a058afee48e68
754,L26_V232,dbd322982760786b8c0b6a1a8c648f838f5d64bea11adb3eb045589dde735b94
755,L26_V150,dc637cf35cf84536a2c7b3392ef8db340770bb591ac8403f36af9bff4ea94204
756,L26_V495,dc9a7c9b795aa9d915e5aaf1f6e9168335a877d635f84368e57a78060ad9d7cb
757,L26_V305,dc9eff4c9fbdea95e5227dd67ffa6c3c4a063771466ab8a3b7c074db2daf8b06
758,L26_V037,dcab311fe30b32ec645c5a44c5a7945c4137d86dae9fa8f321e3d10f65772019
759,L25_V026,dd1db3027ee8be508c74da1573377d808541090be80443f098fd89351cd1b065
760,L26_V278,dd3bcc380a3d5ed12badf4be0029b1c6baa581b84ac6eb676978b7d9c1c9540e
761,L25_V052,dd4f98cbf69d437fac0775d33b16a69eabffa8c85c3357a72e8bb8b3a0df2e95
762,L22_V018,ddb1faaa261cc28cca14dc7daed749802b20f8fb937b7aab738c8f296b22589e
763,L26_V257,de372faaef80fb9fe43f4d2895f3fe042a59aa1364c789f8e30aa4f42a47fe7e
764,L26_V147,de616bae1963c330f7c8ce7a730e1578a36f15fd92a6aa36dd695409a2c894e4
765,L26_V070,dea15b114fe429fc925f1226db3b08109b54eafa964307517cdf5fb98238638c
766,L26_V397,deb23cc480f901e1af85ae9a3b9f82531ab7a8ec23201cdeecd71571a19d304a
767,L26_V249,df0c592d6884ed9016e9c8a1d8b4881ca66535530b09bfe7d115ee5f68f5a940
768,L22_V024,df8ba70241634675fb1bea959507758ef18d6384188b267e3157f0584cf962f5
769,L25_V039,df902b62ef1396ccec44d10ba471f980ec42af1e25699ff62acd0ef69855903d
770,L26_V055,e04c6e71e1b98bf7dceae8855281e4c0394d7625273d29a9e1b9537754a63779
771,L26_V314,e0a5e6d13d04405327272640edbb63cd6b25386fa4377b19d49f898510294f0e
772,L26_V426,e0b1ab34799093de88e0c62ec4b09c9b59af13d4ed2c06b9cbc99924abc93968
773,L28_V004,e0bc066576e2478b2a10ae2d431ede5ca4502b76740fea64c633920b567f1e12
774,L26_V303,e0c3ea8ce2c176303fdbe7ccdeac63c34ebe3b4289572505dfb24311d69feba9
775,L26_V403,e221ab2b9e8ce05caa9f5dcf849cf30175b8b4deb1f71215451d0da9574ea928
776,L26_V456,e22315b1ed539e7a24aa1e46acda7ed2da31d4a92a91d9034ba0605b6758b83d
777,L26_V309,e23dfeeb6b3352354b09bfa204357b8a3165adea2e1c2790df9b55e3e281f061
778,L30_V089,e24cc9dc142b50ecd21d10f12c533a77aa245f6e265f3cd534dd3d10b540f15d
779,L26_V081,e310ee6c76bb50c643e9abe6098fd2560c5a1f59be2008ac8a20077f0c52a634
780,L26_V253,e341bd8431a374968f7f3471829a4afbf134c4baec0d92790b2f45f1c8bcc642
781,L21_V006,e43d87dbefc6a7f4295d6fc14403f3c1ab9463b6b1c749663944bd7c7e27a18a
782,L26_V492,e47519a41fb68e61b3a62177784b1741005c011d65ffdb68344587679e809ada
783,L26_V294,e4c411f2590cc665dcaefd651742861731890a901ce2279e8f1e353229f94e1c
784,L29_V002,e5111961996c33eecbe3d8dcbf3a57e8396dc1840cb554cd841c31ddb95dbf08
785,L26_V158,e52980393d6f26cf3ab0f968586b6d838dc7c33ab0d09da6c7f77a64dce836b3
786,L26_V389,e5955d9280cd10497b4588288c77efb241a920d88b75530b56067b912b7ca47c
787,L21_V030,e5a92cc57bcebf78ab18175ae8e6bfb83750c94116260f8b25d91b60e6a58270
788,L27_V001,e5d16dd0704192ee15a4d6d70b7b228f481c1338e44fa35922b5c0b3e657ddc7
789,L26_V207,e5f2dd1c35ae2a3640e5d69f7c7cf18601251590892f8abc3b9888ad9d254e54
790,L25_V049,e5fcaf9b6d24c6e668ab52550fd18d3af9dba96c1aba6f5c8ba245c8101356a6
791,L26_V446,e648b700b6f628b0d984b943b309f67d0787b811e4c102e25cfe0a1a3d0cc70e
792,L26_V317,e679055b71731e4c0f4f47a36d8322944be435a852f6baee095a77c75e956f86
793,L21_V025,e69c906519eed9794627e695c302655ea9135583aef598e6dffae11def9dfadb
794,L23_V008,e6a702cb142674fbf1990b46ffbac2feb651c895d2cf26395c80adc9d1f8f05b
795,L26_V297,e7a59a26b0b6bb07496f25caaed2dcc1cdc9ff33a8098c8d95137091bbcd7993
796,L23_V004,e7c2b923dca317c1ab7fd8f2740957d860f4ff45eb55df1101a13beda5fb8ec9
797,L30_V003,e7ec2f3f59bf690c8a12fba187abcaeaa48771270cb403f8ff6e5f4028653b1c
798,L29_V003,e8365a1bd71ecb689409202b8142f21930cac49893554f71043ca14fb5c70d76
799,L26_V307,e8585302615548850316e7527f7976cb041916320f094725d1858b4f89b00a8b
800,L26_V439,e8764a74dc35687b43d0839b4995e36733d78411029c4b26eecee860ff3e3e9f
801,L30_V021,e87f0e268f59a68ff41222b58107ca8871d696244391fb409cec859512f528d3
802,L24_V036,e87f9ce513907f1493539a6287ebc33093d3c379aaf22e992432088fcfaf6f7f
803,L26_V173,e96afee39fcacfcec5ca83d8af5344f8ad1ce2aaf8979261044899776692d7e0
804,L30_V093,e985ae5207dc941ed9a6e159b0f492cde914b9e98659f98318ac7928279e82eb
805,L30_V032,e9dae1aeffd416fe08b5663242a1f756bafc954b1dd938f16e901d2d58dde419
806,L30_V015,ea1f8be523319038d82e59cfb87c8147ad1449b721bd67de894a371addf6d607
807,L26_V089,ea55f4c570f5eacd61dd1e0bed05527c07ed7982c9e9fb813924b1395a58aaeb
808,L30_V094,ea78ce616bfc40a67fd083add1faf5fe31a294eede7f5a671cae00f2bc5dcd81
809,L26_V331,eae01d4e9eedeedd8e88e9534af0e3350b991f037f0b59a6e741a8f8d7f77601
810,L26_V139,eb47985de31d79a22719b55ca2259445acca4ab8eb08d1e81d2798f664fb625d
811,L25_V087,eb5fad0184795557026427252d25dec3487019e43f97d22c306daed63d8a1cea
812,L25_V088,ebf4dd8428aa924ea321e555b23357557c6e7726e8b5d801362b9bbb3744dc15
813,L26_V225,ec3fef288b27f556400ecdb65077588a6d070cac0ecdb04a2c19f0011f9e9825
814,L26_V166,ecab5c42e064b3f098ec23fb27a79a152906f9731d6124658a4a1d1bfc566be6
815,L26_V377,ece4ec7103107d63617994d61c4302839237cff4ca04659db55de1fb69884e83
816,L26_V335,ed52b77e12ce781504823e80f2d7af69371fa53d2516a355a252d7942b665885
817,L21_V029,ed5f2b0f14125baf8b7db5e1057fadbdb81c8d7ef8d2bbceafe5caf0a56014f9
818,L26_V376,ed61b56519e3aefa8d5d55547d67f6180391d7877fb86c91f6faa4ce227f6fe3
819,L24_V003,ed79d0547a1ae3726892497527b10db53dce3416523f9236c7c4ec40b0e444ac
820,L26_V387,ed8cae16191ed0b97ce8939fd05f7dc24b8ee8e26d2623b025e4fd34eb202c95
821,L30_V033,ed986b7332c24f23ed2b279ff9fb4dc8c857b4b4b5c077ae6ddd209d25e0319d
822,L30_V011,edb4a7af2c9b9ef42317d4678629158eb19ca84d7e113eaf0961ffd5b626158b
823,L26_V488,ee058c23e452a6e04b5cd12bf60e1399ef07f1e450529ee11edbd54a5655bfe4
824,L26_V192,ee300a42552e349c3aacd7bd1549fe5b84936de0097534ebf71423831240e740
825,L24_V017,ee9e3fbe7cb54dcecb1e9f5de40d6bae70f2d6a0dcc8f83a7ce29019284ea16f
826,L26_V162,eec189a3f5202054c3a15f2c8ebd2af3e964a3e9633ed4f319673679d99b21ab
827,L29_V021,eec1cc9a93e20a61cb02e40c5d9ee33535cb8d80fbdd9aacd9e2f7b0f832abc1
828,L26_V302,ef1c6635402318f1616b713ea05449db854b13e8e2a03dc5b60947c3287a6e01
829,L26_V497,ef84405189b851bf4245ec305ad58ff92edeec6d7f2751c059ce3381ce0a58ce
830,L21_V010,f0097db8903b737dc7b61271a9e215557b5364dd54051e82f904c33b93302785
831,L25_V009,f01110af2d4d8460a0664e42ca25475adf043ad76a940ac41b82c772051c1ea8
832,L30_V019,f0f6ac5bc4922186828445730be325ebc47983c10a19d28988815fe57a793ea9
833,L25_V060,f1878c5c4180041ec0b8c821699b8dc025edcec1dd6a6629ab9fb356cbf8949c
834,L26_V385,f1981eab75f2849eb85b0356bf4957690990e1a7f0a1642d559c71fb18f5317e
835,L30_V031,f1bd9f1bf15e3d884279c0d6d79d67d86b07f320905f4a6c21032240d5b7007b
836,L30_V025,f2c71b90fda3e18ff72d788fdf9177fd547fe084ea203ef65aece2c1a83c4097
837,L26_V361,f2ce11b35f2766968ed6170e3a3b42285d3603e19e5f4ccbb2dd20bd86415e21
838,L29_V022,f34ed20dd56029c581c8e7872414f977ee4c7243d7fc56f81fee734d7fec9c7f
839,L26_V210,f3ef58f6c612b3164b0a11661c5191c476b0f7fa00aac94456cedccef994ed1d
840,L26_V461,f42065e11c7f028ede2d6cf9540116848106adef066c5733ecf0fb6a47f0f9e6
841,L26_V365,f482a4dda3fee8b0006136eb982a5edac498c7af68d76450323505e1a7a7f216
842,L26_V092,f4d2ba2401fa6b559a79f57114e160d3dcb84250fbf1577ad4247e24db1ebf7d
843,L26_V455,f51663c1b13796305993c3883a555d3acf48557cc22009847a1fb46088fd6486
844,L26_V119,f620b6ff8495b914871d471ad24d2cec045fd14f7474f03cc54cc36519c2f93d
845,L26_V068,f6750aec670e445d0c34258a3631be7f4ce5850111c7e6e8bddc128d580bc35d
846,L26_V019,f6a34051382f51a76c9783593a252f984abc4a39b4ee5c5246c805a6d51e6ba9
847,L26_V312,f75ae6b77e5c5d39df7c17b0ad3afdb01b90f785bb23e8c7a61a32a169c6599b
848,L24_V022,f76f8bc70190bfcaf4ffca2b75d665b590b80938843b8e9080c1e8f0ad6d7422
849,L21_V027,f85e3073cd601d3cda976d8f14bb391017622a20bdf7c38acec0499e3b97369a
850,L30_V076,f89226491cae66e000b70d3c57fc885366f6895d565f799d1731def08556ba1e
851,L23_V025,f8b39d281bb1cdf733edbe185e8837c3ca9eca9024449c1f0ca2109ed1504f9f
852,L26_V061,f914d6ff13360a72dada1db6144f11ba35b542c31402cf668d386f241df5d46d
853,L23_V010,fa31bea7f21a8007f4056da13df7f5cef62210f406d521d85ce5b70678e11410
854,L26_V083,fa7e30d230667e37aa16cdc2108894505982b10e377214e77c80e79e6ae35746
855,L26_V490,fac503c91e150d4aa664a46b20335e17782b9136c76e13e860714853f1325969
856,L25_V020,fb073920bc0aa143353b6952c0f10f6397d6a8fa1c67753f9d06cb27941a5382
857,L26_V266,fb3b437c5d03b4352e670eb178f809a45be2ca3cc13951ad601fe624762e6a80
858,L26_V066,fb7cedceb1969d7e7cfb6793cbaacdf83e1c9e8b953e2ea75ef05383292111be
859,L26_V106,fb8081cba2f99afb5f2424a204324bd76314a909249e9ea3aa81c7c1db2a6932
860,L26_V269,fba8d343b5335a719e1918092cdec4dd7c75d46ca6bcd58d113beb2ad348846f
861,L26_V145,fbaea5b35964b839d9400fb905a431b8bd16ffd49de0bc44f689d320f67dc0c1
862,L25_V003,fbef1c36dc6671bc7f8675167e136c219abfd0dcba70df00a6eb69fee8d10c0c
863,L26_V199,fd0f3b6d3170039bb27256a7bc7fc9c227d56d155f1f2d2b3bf76a4b772833d4
864,L26_V096,fd2f09c08735b782d130ccdc8cabbdddda417eea1137e64db36ec46894392c47
865,L21_V009,fdc751f7ab5db24c0ffa63a50919d7aad801b525318152f1097808ecb7b1465e
866,L23_V016,fdce835d5d92cfe00e7ea6c47b767c06086a7609c81d01533cc8bde241b2fc94
867,L26_V251,fddf9f8b3eaa5f04790c6a800405b89fc3ed1a06de0a8d7d19cec4065a750d4c
868,L24_V024,fded3a3705a0aaf52bc38c322bc35abbca9e443b835aaf943d3b15468885fc8d
869,L26_V392,fe242bbbe132ab10d08702d27783a796898acef027ee82c10dfe88ce9147bdb5
870,L25_V059,fe8542380d8c919a7fac278a4c4515baffe234b00d69544e8edbc079b2f1a779
871,L26_V248,fe8d298684eb3339644ddfdfa1dbaf95ed31b7b0e26bf84a1e9b214c26c114f7
872,L26_V086,fedb793cb145c4d61d7f42938dda1452842ecd9effc3a265a7d907ef2ae03a04
873,L25_V064,ffa9892ac750568960a5e2bb9ae95947304d0386d97640f9fc23286d83b5c07d
